filepath,class_label,width,height,filesize_bytes,format,phash,group_id,duplicate_type,split
C:\workstation\3RD YEAR\citrus_fruit\Citrus-Diseases\aphids\aphids_001.jpg,aphids,4284,5712,1369832,JPEG,9996f6b9acd28d80,0,none,train
C:\workstation\3RD YEAR\citrus_fruit\Citrus-Diseases\aphids\aphids_002.jpg,aphids,3024,4032,1235446,JPEG,99b3f6b8ad528c84,1,none,train
C:\workstation\3RD YEAR\citrus_fruit\Citrus-Diseases\aphids\aphids_003.jpg,aphids,3024,4032,1234044,JPEG,99b5f6b1ad428ca4,2,none,test
C:\workstation\3RD YEAR\citrus_fruit\Citrus-Diseases\aphids\aphids_004.jpg,aphids,3024,4032,1263473,JPEG,99b7f6f18c408d85,3,none,val
C:\workstation\3RD YEAR\citrus_fruit\Citrus-Diseases\aphids\aphids_005.jpg,aphids,3024,4032,1281310,JPEG,9cb5f2f58c4a8ca4,4,none,test
C:\workstation\3RD YEAR\citrus_fruit\Citrus-Diseases\aphids\aphids_006.jpg,aphids,3024,4032,1158799,JPEG,9cb5f2fd8c4a8c21,4,near,test
C:\workstation\3RD YEAR\citrus_fruit\Citrus-Diseases\aphids\aphids_007.jpg,aphids,3024,4032,1228939,JPEG,99b7f6e90c488d25,5,none,train
C:\workstation\3RD YEAR\citrus_fruit\Citrus-Diseases\aphids\aphids_008.jpg,aphids,3024,4032,1237838,JPEG,99b7f4e9885889a5,6,none,train
C:\workstation\3RD YEAR\citrus_fruit\Citrus-Diseases\aphids\aphids_009.jpg,aphids,3024,4032,1287144,JPEG,99b6f6fc8c448e84,7,none,val
C:\workstation\3RD YEAR\citrus_fruit\Citrus-Diseases\aphids\aphids_010.jpg,aphids,3024,4032,1353787,JPEG,9ab5d2b89747c684,8,none,test
C:\workstation\3RD YEAR\citrus_fruit\Citrus-Diseases\aphids\aphids_011.jpg,aphids,3024,4032,1298228,JPEG,999dd3bc97438660,9,none,train
C:\workstation\3RD YEAR\citrus_fruit\Citrus-Diseases\aphids\aphids_012.jpg,aphids,3024,4032,1337484,JPEG,9b8df5bc93438360,10,none,train
C:\workstation\3RD YEAR\citrus_fruit\Citrus-Diseases\aphids\aphids_013.jpg,aphids,3024,4032,1297427,JPEG,9985f4be83c3c782,11,none,train
C:\workstation\3RD YEAR\citrus_fruit\Citrus-Diseases\aphids\aphids_014.jpg,aphids,3024,4032,1200659,JPEG,998a7cbda713c382,12,none,train
C:\workstation\3RD YEAR\citrus_fruit\Citrus-Diseases\aphids\aphids_015.jpg,aphids,3024,4032,1135994,JPEG,9993f6b0af168c25,13,none,train
C:\workstation\3RD YEAR\citrus_fruit\Citrus-Diseases\aphids\aphids_016.jpg,aphids,3024,4032,1217300,JPEG,9992f4b5ae368c25,14,none,train
C:\workstation\3RD YEAR\citrus_fruit\Citrus-Diseases\aphids\aphids_017.jpg,aphids,3024,4032,1230553,JPEG,98b3f6b1ad528c25,15,none,test
C:\workstation\3RD YEAR\citrus_fruit\Citrus-Diseases\aphids\aphids_018.jpg,aphids,3024,4032,1221393,JPEG,9cb3f6b9ad428c24,15,near,test
C:\workstation\3RD YEAR\citrus_fruit\Citrus-Diseases\aphids\aphids_019.jpg,aphids,3024,4032,1211997,JPEG,9cb1f6f9ac628c24,16,none,test
C:\workstation\3RD YEAR\citrus_fruit\Citrus-Diseases\aphids\aphids_020.jpg,aphids,3024,4032,1195633,JPEG,9cb1f6f9ac4a8c24,16,near,test
C:\workstation\3RD YEAR\citrus_fruit\Citrus-Diseases\aphids\aphids_021.jpg,aphids,3024,4032,1215785,JPEG,9cb1f6f9ac488c25,16,near,test
C:\workstation\3RD YEAR\citrus_fruit\Citrus-Diseases\aphids\aphids_022.jpg,aphids,3024,4032,1247600,JPEG,98b3f6f9ac488c25,17,none,val
C:\workstation\3RD YEAR\citrus_fruit\Citrus-Diseases\aphids\aphids_023.jpg,aphids,3024,4032,1300755,JPEG,99b6f6b9ac508c85,18,none,train
C:\workstation\3RD YEAR\citrus_fruit\Citrus-Diseases\aphids\aphids_024.jpg,aphids,3024,4032,1320834,JPEG,99b6f6b0ad468ca4,2,near,test
C:\workstation\3RD YEAR\citrus_fruit\Citrus-Diseases\aphids\aphids_025.jpg,aphids,3024,4032,1307163,JPEG,9b9cf2b8964786a4,19,none,train
C:\workstation\3RD YEAR\citrus_fruit\Citrus-Diseases\aphids\aphids_026.jpg,aphids,3024,4032,1318026,JPEG,9a9cf1b8b64786a4,19,near,train
C:\workstation\3RD YEAR\citrus_fruit\Citrus-Diseases\aphids\aphids_027.jpg,aphids,3024,4032,1282971,JPEG,9a9cf1b8b6478e24,20,none,train
C:\workstation\3RD YEAR\citrus_fruit\Citrus-Diseases\aphids\aphids_028.jpg,aphids,3024,4032,1296879,JPEG,999cf2b8b3738324,21,none,test
C:\workstation\3RD YEAR\citrus_fruit\Citrus-Diseases\aphids\aphids_029.jpg,aphids,3024,4032,1315467,JPEG,9897f2b8a56387a4,22,none,train
C:\workstation\3RD YEAR\citrus_fruit\Citrus-Diseases\aphids\aphids_030.jpg,aphids,3024,4032,1260592,JPEG,8c95dbb88563c6a6,23,none,val
C:\workstation\3RD YEAR\citrus_fruit\Citrus-Diseases\aphids\aphids_031.jpg,aphids,3024,4032,1204766,JPEG,8c97f2bb85628ea4,24,none,train
C:\workstation\3RD YEAR\citrus_fruit\Citrus-Diseases\aphids\aphids_032.jpg,aphids,3024,4032,1264646,JPEG,98b7f2b98d628ca4,25,none,train
C:\workstation\3RD YEAR\citrus_fruit\Citrus-Diseases\aphids\aphids_033.jpg,aphids,3024,4032,1257873,JPEG,99b6f2bb8d428ca4,25,near,train
C:\workstation\3RD YEAR\citrus_fruit\Citrus-Diseases\aphids\aphids_034.jpg,aphids,3024,4032,1267397,JPEG,9996f2bbad428ca4,26,none,train
C:\workstation\3RD YEAR\citrus_fruit\Citrus-Diseases\aphids\aphids_035.jpg,aphids,3024,4032,1287815,JPEG,999ef6baa5468c84,27,none,train
C:\workstation\3RD YEAR\citrus_fruit\Citrus-Diseases\aphids\aphids_036.jpg,aphids,3024,4032,1276056,JPEG,9996f6baa5c68c84,27,near,train
C:\workstation\3RD YEAR\citrus_fruit\Citrus-Diseases\aphids\aphids_037.jpg,aphids,3024,4032,1275103,JPEG,99b6f2ba85c68ca4,28,none,train
C:\workstation\3RD YEAR\citrus_fruit\Citrus-Diseases\aphids\aphids_038.jpg,aphids,3024,4032,1292587,JPEG,99b7d2f88c668e84,29,none,train
C:\workstation\3RD YEAR\citrus_fruit\Citrus-Diseases\aphids\aphids_039.jpg,aphids,3024,4032,1335697,JPEG,99b7d2fa84668e84,29,near,train
C:\workstation\3RD YEAR\citrus_fruit\Citrus-Diseases\aphids\aphids_040.jpg,aphids,3024,4032,1318020,JPEG,99bfd6f984468c84,30,none,train
C:\workstation\3RD YEAR\citrus_fruit\Citrus-Diseases\aphids\aphids_041.jpg,aphids,3024,4032,1364326,JPEG,9bbcd6f984478684,31,none,val
C:\workstation\3RD YEAR\citrus_fruit\Citrus-Diseases\aphids\aphids_042.jpg,aphids,3024,4032,1380421,JPEG,9a9dd7b8b6478680,32,none,train
C:\workstation\3RD YEAR\citrus_fruit\Citrus-Diseases\aphids\aphids_043.jpg,aphids,3024,4032,1376346,JPEG,9a9dd7b8964786a0,32,near,train
C:\workstation\3RD YEAR\citrus_fruit\Citrus-Diseases\aphids\aphids_044.jpg,aphids,3024,4032,1338354,JPEG,9895d3b887e786a4,33,none,train
C:\workstation\3RD YEAR\citrus_fruit\Citrus-Diseases\aphids\aphids_045.jpg,aphids,3024,4032,1315343,JPEG,98b7d2b985e686a4,34,none,test
C:\workstation\3RD YEAR\citrus_fruit\Citrus-Diseases\aphids\aphids_046.jpg,aphids,3024,4032,1330989,JPEG,99b6f2b88d668ca4,25,near,train
C:\workstation\3RD YEAR\citrus_fruit\Citrus-Diseases\aphids\aphids_047.jpg,aphids,3024,4032,1266500,JPEG,98b7f2bb8c628ca4,25,near,train
C:\workstation\3RD YEAR\citrus_fruit\Citrus-Diseases\aphids\aphids_048.jpg,aphids,3024,4032,1255262,JPEG,98b7f2bd8c4a8ca4,4,near,test
C:\workstation\3RD YEAR\citrus_fruit\Citrus-Diseases\aphids\aphids_049.jpg,aphids,3024,4032,1273861,JPEG,98b7f2bd8c628ca4,25,near,train
C:\workstation\3RD YEAR\citrus_fruit\Citrus-Diseases\aphids\aphids_050.jpg,aphids,3024,4032,1330912,JPEG,99bed2f08ce68ca4,35,none,val
C:\workstation\3RD YEAR\citrus_fruit\Citrus-Diseases\aphids\aphids_051.jpg,aphids,3024,4032,1308020,JPEG,98b7d2bb85e68684,34,near,test
C:\workstation\3RD YEAR\citrus_fruit\Citrus-Diseases\aphids\aphids_052.jpg,aphids,3024,4032,1426253,JPEG,8897d3b895e786a4,33,near,train
C:\workstation\3RD YEAR\citrus_fruit\Citrus-Diseases\aphids\aphids_053.jpg,aphids,3024,4032,1383076,JPEG,999dd3b897c386a0,9,near,train
C:\workstation\3RD YEAR\citrus_fruit\Citrus-Diseases\aphids\aphids_055.jpg,aphids,3024,4032,1364325,JPEG,999dd3b895e386a0,36,none,test
C:\workstation\3RD YEAR\citrus_fruit\Citrus-Diseases\aphids\aphids_056.jpg,aphids,3024,4032,1387582,JPEG,8897d3ba95e386a4,37,none,train
C:\workstation\3RD YEAR\citrus_fruit\Citrus-Diseases\aphids\aphids_057.jpg,aphids,3024,4032,1371057,JPEG,99bed2f88ce68c84,29,near,train
C:\workstation\3RD YEAR\citrus_fruit\Citrus-Diseases\aphids\aphids_058.jpg,aphids,3024,4032,1368137,JPEG,99b6f2f08ce68ca4,35,near,val
C:\workstation\3RD YEAR\citrus_fruit\Citrus-Diseases\aphids\aphids_059.jpg,aphids,3024,4032,1356070,JPEG,9bbcf6e088cc88ad,38,none,train
C:\workstation\3RD YEAR\citrus_fruit\Citrus-Diseases\aphids\aphids_060.jpg,aphids,3024,4032,1389851,JPEG,99bef6e08c4c88ad,38,near,train
C:\workstation\3RD YEAR\citrus_fruit\Citrus-Diseases\aphids\aphids_061.jpg,aphids,3024,4032,1390246,JPEG,98b7f2e48c4a8cad,39,none,val
C:\workstation\3RD YEAR\citrus_fruit\Citrus-Diseases\aphids\aphids_062.jpg,aphids,3024,4032,1372921,JPEG,98b5f2e48c4a99ad,39,near,val
C:\workstation\3RD YEAR\citrus_fruit\Citrus-Diseases\aphids\aphids_063.jpg,aphids,3024,4032,1367261,JPEG,98b5f4e48c4a99ad,40,none,val
C:\workstation\3RD YEAR\citrus_fruit\Citrus-Diseases\aphids\aphids_064.jpg,aphids,3024,4032,1390599,JPEG,99b4f4e08c4a99af,40,near,val
C:\workstation\3RD YEAR\citrus_fruit\Citrus-Diseases\aphids\aphids_065.jpg,aphids,3024,4032,1388625,JPEG,99bef4f08d4488ad,41,none,train
C:\workstation\3RD YEAR\citrus_fruit\Citrus-Diseases\aphids\aphids_066.jpg,aphids,3024,4032,1352757,JPEG,99bcf6f088c68ca5,42,none,test
C:\workstation\3RD YEAR\citrus_fruit\Citrus-Diseases\aphids\aphids_067.jpg,aphids,3024,4032,1354566,JPEG,99bcd2fb85668684,43,none,val
C:\workstation\3RD YEAR\citrus_fruit\Citrus-Diseases\aphids\aphids_068.jpg,aphids,3024,4032,1363128,JPEG,9897d2fa85e78684,44,none,train
C:\workstation\3RD YEAR\citrus_fruit\Citrus-Diseases\aphids\aphids_069.jpg,aphids,3024,4032,1352361,JPEG,989dd2fa9563c684,45,none,test
C:\workstation\3RD YEAR\citrus_fruit\Citrus-Diseases\aphids\aphids_070.jpg,aphids,3024,4032,1389263,JPEG,989dd2b897e3c684,45,near,test
C:\workstation\3RD YEAR\citrus_fruit\Citrus-Diseases\aphids\aphids_071.jpg,aphids,3024,4032,1416097,JPEG,9b9dd3b895c3c680,36,near,test
C:\workstation\3RD YEAR\citrus_fruit\Citrus-Diseases\aphids\aphids_072.jpg,aphids,3024,4032,1365835,JPEG,9b8cd5b897c3c3a0,46,none,val
C:\workstation\3RD YEAR\citrus_fruit\Citrus-Diseases\aphids\aphids_073.jpg,aphids,3024,4032,1410219,JPEG,8b8cd5b89ed3c390,47,none,test
C:\workstation\3RD YEAR\citrus_fruit\Citrus-Diseases\aphids\aphids_074.jpg,aphids,3024,4032,1402658,JPEG,898cd5b89fd3c390,47,near,test
C:\workstation\3RD YEAR\citrus_fruit\Citrus-Diseases\aphids\aphids_075.jpg,aphids,3024,4032,1359860,JPEG,898cd7b897c3e390,48,none,test
C:\workstation\3RD YEAR\citrus_fruit\Citrus-Diseases\aphids\aphids_076.jpg,aphids,3024,4032,1449716,JPEG,9bbdd6faa442c680,49,none,train
C:\workstation\3RD YEAR\citrus_fruit\Citrus-Diseases\aphids\aphids_077.jpg,aphids,3024,4032,1363775,JPEG,9bb4f4e1a949cc89,50,none,train
C:\workstation\3RD YEAR\citrus_fruit\Citrus-Diseases\aphids\aphids_078.jpg,aphids,3024,4032,1376526,JPEG,99b5f4e1a849da89,51,none,train
C:\workstation\3RD YEAR\citrus_fruit\Citrus-Diseases\aphids\aphids_079.jpg,aphids,3024,4032,1317091,JPEG,99b5f4e0aa60db89,52,none,val
C:\workstation\3RD YEAR\citrus_fruit\Citrus-Diseases\aphids\aphids_080.jpg,aphids,3024,4032,1348559,JPEG,99b5f6e1894cd889,53,none,train
C:\workstation\3RD YEAR\citrus_fruit\Citrus-Diseases\aphids\aphids_081.jpg,aphids,3024,4032,1397372,JPEG,99b5f6e18d4a9909,54,none,train
C:\workstation\3RD YEAR\citrus_fruit\Citrus-Diseases\aphids\aphids_082.jpg,aphids,3024,4032,1332169,JPEG,98b7f6e18c4b9903,55,none,train
C:\workstation\3RD YEAR\citrus_fruit\Citrus-Diseases\aphids\aphids_083.jpg,aphids,3024,4032,1486112,JPEG,9bb5f6f0bd664200,56,none,train
C:\workstation\3RD YEAR\citrus_fruit\Citrus-Diseases\aphids\aphids_084.jpg,aphids,3024,4032,1509011,JPEG,8c92d55a9eb3a09b,57,none,train
C:\workstation\3RD YEAR\citrus_fruit\Citrus-Diseases\aphids\aphids_085.jpg,aphids,3024,4032,1396282,JPEG,9b20ce5259b46bad,58,none,train
C:\workstation\3RD YEAR\citrus_fruit\Citrus-Diseases\aphids\aphids_086.jpg,aphids,3024,4032,1376870,JPEG,8906ea535cb26da7,59,none,train
C:\workstation\3RD YEAR\citrus_fruit\Citrus-Diseases\aphids\aphids_087.jpg,aphids,3024,4032,1355075,JPEG,99a0ecd25ab2792d,60,none,test
C:\workstation\3RD YEAR\citrus_fruit\Citrus-Diseases\aphids\aphids_088.jpg,aphids,3024,4032,1351235,JPEG,9ba5f6f0a8644754,61,none,train
C:\workstation\3RD YEAR\citrus_fruit\Citrus-Diseases\aphids\aphids_089.jpg,aphids,3024,4032,1385800,JPEG,98b1f6f0ac664556,62,none,train
C:\workstation\3RD YEAR\citrus_fruit\Citrus-Diseases\aphids\aphids_090.jpg,aphids,3024,4032,1326592,JPEG,98b1f6f0ac66c552,62,near,train
C:\workstation\3RD YEAR\citrus_fruit\Citrus-Diseases\aphids\aphids_091.jpg,aphids,3024,4032,1319212,JPEG,9ab1f6f0ac664552,62,near,train
C:\workstation\3RD YEAR\citrus_fruit\Citrus-Diseases\aphids\aphids_092.jpg,aphids,3024,4032,1361252,JPEG,98b1f6f1ac664554,62,near,train
C:\workstation\3RD YEAR\citrus_fruit\Citrus-Diseases\aphids\aphids_093.jpg,aphids,3024,4032,1366377,JPEG,99a5f6f1ac664066,63,none,train
C:\workstation\3RD YEAR\citrus_fruit\Citrus-Diseases\aphids\aphids_094.jpg,aphids,3024,4032,1391099,JPEG,99a5d6f0bd624266,64,none,train
C:\workstation\3RD YEAR\citrus_fruit\Citrus-Diseases\aphids\aphids_095.jpg,aphids,3024,4032,1395895,JPEG,99a4d6f0bda209f2,65,none,train
C:\workstation\3RD YEAR\citrus_fruit\Citrus-Diseases\aphids\aphids_096.jpg,aphids,3024,4032,1378704,JPEG,9bacd6f0bba008f8,66,none,train
C:\workstation\3RD YEAR\citrus_fruit\Citrus-Diseases\aphids\aphids_097.jpg,aphids,3024,4032,1293021,JPEG,9ba45678bbb4095c,67,none,val
C:\workstation\3RD YEAR\citrus_fruit\Citrus-Diseases\aphids\aphids_098.jpg,aphids,3024,4032,1302153,JPEG,9aa45758baf00f5c,68,none,test
C:\workstation\3RD YEAR\citrus_fruit\Citrus-Diseases\aphids\aphids_099.jpg,aphids,3024,4032,1334034,JPEG,9b8453d9baf0075c,69,none,val
C:\workstation\3RD YEAR\citrus_fruit\Citrus-Diseases\aphids\aphids_100.jpg,aphids,3024,4032,1336072,JPEG,8b84615dbff5024e,70,none,train
C:\workstation\3RD YEAR\citrus_fruit\Citrus-Diseases\aphids\aphids_101.jpg,aphids,3024,4032,1266465,JPEG,8b8c614dbef7024e,70,near,train
C:\workstation\3RD YEAR\citrus_fruit\Citrus-Diseases\aphids\aphids_102.jpg,aphids,3024,4032,1317059,JPEG,8b86525dafd1264e,71,none,train
C:\workstation\3RD YEAR\citrus_fruit\Citrus-Diseases\aphids\aphids_103.jpg,aphids,3024,4032,1353315,JPEG,88a4525b9fb00dfb,72,none,train
C:\workstation\3RD YEAR\citrus_fruit\Citrus-Diseases\aphids\aphids_104.jpg,aphids,3024,4032,1307730,JPEG,8ca4d37a9db203f2,73,none,test
C:\workstation\3RD YEAR\citrus_fruit\Citrus-Diseases\aphids\aphids_105.jpg,aphids,4032,3024,1133582,JPEG,dde13847d26660da,74,none,train
C:\workstation\3RD YEAR\citrus_fruit\Citrus-Diseases\aphids\aphids_106.jpg,aphids,4032,3024,1132707,JPEG,dde1384f927260da,74,near,train
C:\workstation\3RD YEAR\citrus_fruit\Citrus-Diseases\aphids\aphids_107.jpg,aphids,4032,3024,1132121,JPEG,dde1384f927224da,75,none,train
C:\workstation\3RD YEAR\citrus_fruit\Citrus-Diseases\aphids\aphids_108.jpg,aphids,4032,3024,1106028,JPEG,dce1384f937264d8,75,near,train
C:\workstation\3RD YEAR\citrus_fruit\Citrus-Diseases\aphids\aphids_109.jpg,aphids,4032,3024,1086733,JPEG,dcf1384f93370499,76,none,train
C:\workstation\3RD YEAR\citrus_fruit\Citrus-Diseases\aphids\aphids_110.jpg,aphids,4032,3024,1072590,JPEG,dcf1304f972f0499,76,near,train
C:\workstation\3RD YEAR\citrus_fruit\Citrus-Diseases\aphids\aphids_111.jpg,aphids,4032,3024,1111503,JPEG,fcd1304f952f4499,77,none,val
C:\workstation\3RD YEAR\citrus_fruit\Citrus-Diseases\aphids\aphids_112.jpg,aphids,4032,3024,1113462,JPEG,fef0304f912d84d9,78,none,train
C:\workstation\3RD YEAR\citrus_fruit\Citrus-Diseases\aphids\aphids_113.jpg,aphids,4032,3024,1067985,JPEG,feb0304f912fc4c9,78,near,train
C:\workstation\3RD YEAR\citrus_fruit\Citrus-Diseases\aphids\aphids_114.jpg,aphids,4032,3024,1098883,JPEG,dcb0314f912eccd9,79,none,train
C:\workstation\3RD YEAR\citrus_fruit\Citrus-Diseases\aphids\aphids_115.jpg,aphids,4032,3024,1107594,JPEG,fcd1314f112dcc99,80,none,train
C:\workstation\3RD YEAR\citrus_fruit\Citrus-Diseases\aphids\aphids_116.jpg,aphids,4032,3024,1080958,JPEG,dcb1384e35299d99,81,none,train
C:\workstation\3RD YEAR\citrus_fruit\Citrus-Diseases\aphids\aphids_117.jpg,aphids,4032,3024,1054255,JPEG,fc91304e352d9d99,81,near,train
C:\workstation\3RD YEAR\citrus_fruit\Citrus-Diseases\aphids\aphids_118.jpg,aphids,4032,3024,1039425,JPEG,fe90348f93258c9d,82,none,train
C:\workstation\3RD YEAR\citrus_fruit\Citrus-Diseases\aphids\aphids_119.jpg,aphids,4032,3024,1037753,JPEG,fe9035cf9224e0d9,83,none,test
C:\workstation\3RD YEAR\citrus_fruit\Citrus-Diseases\aphids\aphids_120.jpg,aphids,4032,3024,1004644,JPEG,feb034cd90e4e1c3,84,none,test
C:\workstation\3RD YEAR\citrus_fruit\Citrus-Diseases\aphids\aphids_121.jpg,aphids,4032,3024,1089304,JPEG,fab0358e91e4d1e2,85,none,train
C:\workstation\3RD YEAR\citrus_fruit\Citrus-Diseases\aphids\aphids_122.jpg,aphids,4032,3024,1175724,JPEG,d8c70b1397cba49c,86,none,train
C:\workstation\3RD YEAR\citrus_fruit\Citrus-Diseases\aphids\aphids_123.jpg,aphids,4032,3024,1212645,JPEG,d8c7033b87caac9c,87,none,train
C:\workstation\3RD YEAR\citrus_fruit\Citrus-Diseases\aphids\aphids_124.jpg,aphids,4032,3024,1271919,JPEG,d8d7013b8ee9a6a4,88,none,train
C:\workstation\3RD YEAR\citrus_fruit\Citrus-Diseases\aphids\aphids_125.jpg,aphids,4032,3024,972394,JPEG,f08333dca56b29b2,89,none,train
C:\workstation\3RD YEAR\citrus_fruit\Citrus-Diseases\aphids\aphids_126.jpg,aphids,4032,3024,966359,JPEG,f18333dca56b29b0,89,near,train
C:\workstation\3RD YEAR\citrus_fruit\Citrus-Diseases\aphids\aphids_127.jpg,aphids,4032,3024,988024,JPEG,fa83335cb62b2991,90,none,test
C:\workstation\3RD YEAR\citrus_fruit\Citrus-Diseases\aphids\aphids_128.jpg,aphids,4032,3024,992898,JPEG,faa3335cb5632990,91,none,train
C:\workstation\3RD YEAR\citrus_fruit\Citrus-Diseases\aphids\aphids_129.jpg,aphids,4032,3024,1008278,JPEG,f8a3335cb76a2990,91,near,train
C:\workstation\3RD YEAR\citrus_fruit\Citrus-Diseases\aphids\aphids_130.jpg,aphids,4032,3024,994504,JPEG,f183335cb56b2991,92,none,train
C:\workstation\3RD YEAR\citrus_fruit\Citrus-Diseases\aphids\aphids_131.jpg,aphids,4032,3024,1014027,JPEG,f183335ca56b0bb1,92,near,train
C:\workstation\3RD YEAR\citrus_fruit\Citrus-Diseases\aphids\aphids_132.jpg,aphids,4032,3024,995018,JPEG,f883335cb6632b91,90,near,test
C:\workstation\3RD YEAR\citrus_fruit\Citrus-Diseases\aphids\aphids_133.jpg,aphids,4032,3024,1021555,JPEG,f884335cb7636b90,93,none,test
C:\workstation\3RD YEAR\citrus_fruit\Citrus-Diseases\aphids\aphids_134.jpg,aphids,4032,3024,1014650,JPEG,faa2314cb7632bb0,94,none,val
C:\workstation\3RD YEAR\citrus_fruit\Citrus-Diseases\aphids\aphids_135.jpg,aphids,4032,3024,1025079,JPEG,fea2314eb7232b90,94,near,val
C:\workstation\3RD YEAR\citrus_fruit\Citrus-Diseases\aphids\aphids_136.jpg,aphids,4032,3024,1058516,JPEG,fea2384eb72323b0,95,none,train
C:\workstation\3RD YEAR\citrus_fruit\Citrus-Diseases\aphids\aphids_137.jpg,aphids,4032,3024,1105100,JPEG,fee2384e973123b0,95,near,train
C:\workstation\3RD YEAR\citrus_fruit\Citrus-Diseases\aphids\aphids_138.jpg,aphids,4032,3024,1099240,JPEG,fee6304e87232bb0,96,none,train
C:\workstation\3RD YEAR\citrus_fruit\Citrus-Diseases\aphids\aphids_139.jpg,aphids,4032,3024,1101398,JPEG,fee6384e87212bb0,96,near,train
C:\workstation\3RD YEAR\citrus_fruit\Citrus-Diseases\aphids\aphids_140.jpg,aphids,4032,3024,1104150,JPEG,dec6384e87612bb4,97,none,train
C:\workstation\3RD YEAR\citrus_fruit\Citrus-Diseases\aphids\aphids_141.jpg,aphids,4032,3024,1113930,JPEG,dec6384ea76129b4,97,near,train
C:\workstation\3RD YEAR\citrus_fruit\Citrus-Diseases\aphids\aphids_142.jpg,aphids,4032,3024,1105804,JPEG,dec6386e856129b6,97,near,train
C:\workstation\3RD YEAR\citrus_fruit\Citrus-Diseases\aphids\aphids_143.jpg,aphids,4032,3024,1143885,JPEG,cfc6386ea16b21b2,98,none,train
C:\workstation\3RD YEAR\citrus_fruit\Citrus-Diseases\aphids\aphids_144.jpg,aphids,4284,5712,1104539,JPEG,efc0fea21c3a2564,99,none,train
C:\workstation\3RD YEAR\citrus_fruit\Citrus-Diseases\aphids\aphids_145.jpg,aphids,4284,5712,1085450,JPEG,efc0fea219322764,99,near,train
C:\workstation\3RD YEAR\citrus_fruit\Citrus-Diseases\aphids\aphids_146.jpg,aphids,4284,5712,1082225,JPEG,efc0ffa01c2a2764,99,near,train
C:\workstation\3RD YEAR\citrus_fruit\Citrus-Diseases\aphids\aphids_147.jpg,aphids,4284,5712,1086737,JPEG,efc0ffa41c2a2364,100,none,val
C:\workstation\3RD YEAR\citrus_fruit\Citrus-Diseases\aphids\aphids_148.jpg,aphids,4284,5712,1081557,JPEG,efc0fe851d2a2364,100,near,val
C:\workstation\3RD YEAR\citrus_fruit\Citrus-Diseases\aphids\aphids_149.jpg,aphids,4284,5712,1080418,JPEG,efd0fe851c2a2362,101,none,train
C:\workstation\3RD YEAR\citrus_fruit\Citrus-Diseases\aphids\aphids_150.jpg,aphids,4284,5712,1091694,JPEG,efc0fea11c2a2764,99,near,train
C:\workstation\3RD YEAR\citrus_fruit\Citrus-Diseases\aphids\aphids_151.jpg,aphids,3024,4032,817335,JPEG,efc0f3a01d1b2764,102,none,test
C:\workstation\3RD YEAR\citrus_fruit\Citrus-Diseases\aphids\aphids_152.jpg,aphids,3024,4032,806281,JPEG,edc0f3f01d1b2564,102,near,test
C:\workstation\3RD YEAR\citrus_fruit\Citrus-Diseases\aphids\aphids_153.jpg,aphids,3024,4032,811100,JPEG,edc0f6f01d132565,103,none,train
C:\workstation\3RD YEAR\citrus_fruit\Citrus-Diseases\aphids\aphids_154.jpg,aphids,3024,4032,794452,JPEG,edc0f6f31c3e2144,104,none,test
C:\workstation\3RD YEAR\citrus_fruit\Citrus-Diseases\aphids\aphids_155.jpg,aphids,3024,4032,817947,JPEG,edc0f6f30c3e2941,104,near,test
C:\workstation\3RD YEAR\citrus_fruit\Citrus-Diseases\aphids\aphids_158.jpg,aphids,3024,4032,786463,JPEG,edc0f6f30c3e094a,105,none,train
C:\workstation\3RD YEAR\citrus_fruit\Citrus-Diseases\aphids\aphids_159.jpg,aphids,3024,4032,775422,JPEG,edc0f6f31c3c2948,104,near,test
C:\workstation\3RD YEAR\citrus_fruit\Citrus-Diseases\aphids\aphids_160.jpg,aphids,3024,4032,750153,JPEG,edc0f6f31d032b48,106,none,train
C:\workstation\3RD YEAR\citrus_fruit\Citrus-Diseases\aphids\aphids_161.jpg,aphids,3024,4032,784866,JPEG,efc0f3b81d132564,102,near,test
C:\workstation\3RD YEAR\citrus_fruit\Citrus-Diseases\aphids\aphids_162.jpg,aphids,3024,4032,842793,JPEG,efc0f7a81d132664,102,near,test
C:\workstation\3RD YEAR\citrus_fruit\Citrus-Diseases\aphids\aphids_163.jpg,aphids,3024,4032,844481,JPEG,efc0fba81d032764,102,near,test
C:\workstation\3RD YEAR\citrus_fruit\Citrus-Diseases\aphids\aphids_164.jpg,aphids,3024,4032,851501,JPEG,efc0ffa11c0a2366,100,near,val
C:\workstation\3RD YEAR\citrus_fruit\Citrus-Diseases\aphids\aphids_165.jpg,aphids,3024,4032,859467,JPEG,ffc0fe8d19022372,107,none,train
C:\workstation\3RD YEAR\citrus_fruit\Citrus-Diseases\aphids\aphids_166.jpg,aphids,3024,4032,859309,JPEG,bfd0fe8d19022372,107,near,train
C:\workstation\3RD YEAR\citrus_fruit\Citrus-Diseases\aphids\aphids_167.jpg,aphids,3024,4032,843942,JPEG,bbd1ee86180e237a,108,none,train
C:\workstation\3RD YEAR\citrus_fruit\Citrus-Diseases\aphids\aphids_169.jpg,aphids,3024,4032,846732,JPEG,bbd1ee86080e317b,108,near,train
C:\workstation\3RD YEAR\citrus_fruit\Citrus-Diseases\aphids\aphids_170.jpg,aphids,3024,4032,822536,JPEG,95d7e0ab99e027a8,109,none,train
C:\workstation\3RD YEAR\citrus_fruit\Citrus-Diseases\aphids\aphids_171.jpg,aphids,3024,4032,835118,JPEG,94d7f8abdce022a8,110,none,train
C:\workstation\3RD YEAR\citrus_fruit\Citrus-Diseases\aphids\aphids_172.jpg,aphids,3024,4032,816249,JPEG,94d7a8abd8e02ee1,111,none,train
C:\workstation\3RD YEAR\citrus_fruit\Citrus-Diseases\aphids\aphids_173.jpg,aphids,3024,4032,789813,JPEG,d0d7acadd8e022f8,112,none,train
C:\workstation\3RD YEAR\citrus_fruit\Citrus-Diseases\aphids\aphids_174.jpg,aphids,3024,4032,827870,JPEG,d0d3ac85cae522f9,113,none,train
C:\workstation\3RD YEAR\citrus_fruit\Citrus-Diseases\aphids\aphids_175.jpg,aphids,3024,4032,803352,JPEG,d0dba485cae427f8,114,none,train
C:\workstation\3RD YEAR\citrus_fruit\Citrus-Diseases\aphids\aphids_176.jpg,aphids,3024,4032,781443,JPEG,d0df8485cae427f8,114,near,train
C:\workstation\3RD YEAR\citrus_fruit\Citrus-Diseases\aphids\aphids_177.jpg,aphids,3024,4032,847162,JPEG,d0dfa8afc8e02eb0,115,none,train
C:\workstation\3RD YEAR\citrus_fruit\Citrus-Diseases\aphids\aphids_178.jpg,aphids,3024,4032,806258,JPEG,bdffb0a990e20f80,116,none,train
C:\workstation\3RD YEAR\citrus_fruit\Citrus-Diseases\aphids\aphids_179.jpg,aphids,3024,4032,814752,JPEG,acffa0e992e20f88,117,none,train
C:\workstation\3RD YEAR\citrus_fruit\Citrus-Diseases\aphids\aphids_180.jpg,aphids,3024,4032,799100,JPEG,adffc0e982e20f88,117,near,train
C:\workstation\3RD YEAR\citrus_fruit\Citrus-Diseases\aphids\aphids_181.jpg,aphids,3024,4032,823270,JPEG,a9ff80fd86c20f88,118,none,train
C:\workstation\3RD YEAR\citrus_fruit\Citrus-Diseases\aphids\aphids_182.jpg,aphids,3024,4032,758108,JPEG,acff80fd86c00f8c,118,near,train
C:\workstation\3RD YEAR\citrus_fruit\Citrus-Diseases\aphids\aphids_183.jpg,aphids,3024,4032,820770,JPEG,adffe0ed82420f88,119,none,train
C:\workstation\3RD YEAR\citrus_fruit\Citrus-Diseases\aphids\aphids_184.jpg,aphids,3024,4032,807198,JPEG,b9f7e0f990430fc0,120,none,train
C:\workstation\3RD YEAR\citrus_fruit\Citrus-Diseases\aphids\aphids_185.jpg,aphids,3024,4032,801613,JPEG,fdf7f0c988430dc0,121,none,train
C:\workstation\3RD YEAR\citrus_fruit\Citrus-Diseases\aphids\aphids_186.jpg,aphids,3024,4032,881892,JPEG,fdf3f0818e430ccc,122,none,train
C:\workstation\3RD YEAR\citrus_fruit\Citrus-Diseases\aphids\aphids_187.jpg,aphids,3024,4032,894140,JPEG,bdf3f0a086e302ec,123,none,val
C:\workstation\3RD YEAR\citrus_fruit\Citrus-Diseases\aphids\aphids_188.jpg,aphids,3024,4032,890693,JPEG,9cd3f0a8dce10aec,124,none,train
C:\workstation\3RD YEAR\citrus_fruit\Citrus-Diseases\aphids\aphids_189.jpg,aphids,3024,4032,920061,JPEG,d4d750bf9dd00ca8,125,none,val
C:\workstation\3RD YEAR\citrus_fruit\Citrus-Diseases\aphids\aphids_190.jpg,aphids,3024,4032,916342,JPEG,d4d750bd9dd00da8,125,near,val
C:\workstation\3RD YEAR\citrus_fruit\Citrus-Diseases\aphids\aphids_191.jpg,aphids,3024,4032,923937,JPEG,d0d750bf91d04fa8,126,none,train
C:\workstation\3RD YEAR\citrus_fruit\Citrus-Diseases\aphids\aphids_192.jpg,aphids,3024,4032,960855,JPEG,90de01fd9fd0472c,127,none,train
C:\workstation\3RD YEAR\citrus_fruit\Citrus-Diseases\aphids\aphids_193.jpg,aphids,3024,4032,958841,JPEG,d8db44959bd207ac,128,none,train
C:\workstation\3RD YEAR\citrus_fruit\Citrus-Diseases\aphids\aphids_194.jpg,aphids,3024,4032,966351,JPEG,9adb44959bd207ac,128,near,train
C:\workstation\3RD YEAR\citrus_fruit\Citrus-Diseases\aphids\aphids_195.jpg,aphids,3024,4032,1026610,JPEG,8adb45948bda87b4,129,none,val
C:\workstation\3RD YEAR\citrus_fruit\Citrus-Diseases\aphids\aphids_196.jpg,aphids,3024,4032,905227,JPEG,8ac9d4e0c9f520fe,130,none,train
C:\workstation\3RD YEAR\citrus_fruit\Citrus-Diseases\aphids\aphids_197.jpg,aphids,3024,4032,903105,JPEG,8ac9d4c0c9f524fe,130,near,train
C:\workstation\3RD YEAR\citrus_fruit\Citrus-Diseases\aphids\aphids_198.jpg,aphids,3024,4032,840632,JPEG,8acbc4c4d9f424fc,131,none,train
C:\workstation\3RD YEAR\citrus_fruit\Citrus-Diseases\aphids\aphids_199.jpg,aphids,3024,4032,807097,JPEG,8acbd4c5d9b424f8,131,near,train
C:\workstation\3RD YEAR\citrus_fruit\Citrus-Diseases\aphids\aphids_200.jpg,aphids,3024,4032,881783,JPEG,8acbd4c5d8b524f8,132,none,train
C:\workstation\3RD YEAR\citrus_fruit\Citrus-Diseases\aphids\aphids_201.jpg,aphids,3024,4032,844240,JPEG,cacbd4c5f82524f8,132,near,train
C:\workstation\3RD YEAR\citrus_fruit\Citrus-Diseases\aphids\aphids_202.jpg,aphids,3024,4032,774044,JPEG,e8f7a08b1c483fe8,133,none,train
C:\workstation\3RD YEAR\citrus_fruit\Citrus-Diseases\aphids\aphids_203.jpg,aphids,3024,4032,765020,JPEG,e8ff808b1c483fe8,133,near,train
C:\workstation\3RD YEAR\citrus_fruit\Citrus-Diseases\aphids\aphids_204.jpg,aphids,3024,4032,802826,JPEG,e8f7a0a31c483f71,134,none,train
C:\workstation\3RD YEAR\citrus_fruit\Citrus-Diseases\aphids\aphids_205.jpg,aphids,3024,4032,779278,JPEG,e8f7e0a38c482f74,135,none,test
C:\workstation\3RD YEAR\citrus_fruit\Citrus-Diseases\aphids\aphids_206.jpg,aphids,3024,4032,795087,JPEG,e9ffc0a30c403f71,136,none,train
C:\workstation\3RD YEAR\citrus_fruit\Citrus-Diseases\aphids\aphids_207.jpg,aphids,3024,4032,789158,JPEG,f9f683a708423e71,137,none,val
C:\workstation\3RD YEAR\citrus_fruit\Citrus-Diseases\aphids\aphids_208.jpg,aphids,3024,4032,765115,JPEG,e9f682e708433e71,137,near,val
C:\workstation\3RD YEAR\citrus_fruit\Citrus-Diseases\aphids\aphids_209.jpg,aphids,3024,4032,887957,JPEG,c9f682ef08433e74,138,none,train
C:\workstation\3RD YEAR\citrus_fruit\Citrus-Diseases\aphids\aphids_210.jpg,aphids,3024,4032,884878,JPEG,dbf487ec08433c65,139,none,train
C:\workstation\3RD YEAR\citrus_fruit\Citrus-Diseases\aphids\aphids_211.jpg,aphids,3024,4032,938255,JPEG,b5dcc4e3f8c003bc,140,none,val
C:\workstation\3RD YEAR\citrus_fruit\Citrus-Diseases\aphids\aphids_212.jpg,aphids,3024,4032,913439,JPEG,b7dcc4e1fcc003b4,140,near,val
C:\workstation\3RD YEAR\citrus_fruit\Citrus-Diseases\aphids\aphids_213.jpg,aphids,3024,4032,899123,JPEG,97ddc6e1fc00a1a6,141,none,train
C:\workstation\3RD YEAR\citrus_fruit\Citrus-Diseases\aphids\aphids_214.jpg,aphids,3024,4032,894300,JPEG,93ccd2f0dce0b586,142,none,train
C:\workstation\3RD YEAR\citrus_fruit\Citrus-Diseases\aphids\aphids_215.jpg,aphids,3024,4032,902594,JPEG,87c9d4f2dcc0b196,143,none,test
C:\workstation\3RD YEAR\citrus_fruit\Citrus-Diseases\aphids\aphids_216.jpg,aphids,3024,4032,936093,JPEG,97ddd0e0dca0b196,144,none,val
C:\workstation\3RD YEAR\citrus_fruit\Citrus-Diseases\aphids\aphids_217.jpg,aphids,3024,4032,901917,JPEG,bedcc6e1dc40a1ac,145,none,train
C:\workstation\3RD YEAR\citrus_fruit\Citrus-Diseases\aphids\aphids_218.jpg,aphids,3024,4032,922053,JPEG,bcd8c7c3d84382bc,146,none,train
C:\workstation\3RD YEAR\citrus_fruit\Citrus-Diseases\aphids\aphids_219.jpg,aphids,3024,4032,892910,JPEG,bdd8c7c3cc4302bc,146,near,train
C:\workstation\3RD YEAR\citrus_fruit\Citrus-Diseases\aphids\aphids_220.jpg,aphids,3024,4032,906673,JPEG,bdd8e7c3cc4502b8,147,none,train
C:\workstation\3RD YEAR\citrus_fruit\Citrus-Diseases\aphids\aphids_221.jpg,aphids,3024,4032,910162,JPEG,bdd8e7c2cc4702b8,147,near,train
C:\workstation\3RD YEAR\citrus_fruit\Citrus-Diseases\aphids\aphids_222.jpg,aphids,3024,4032,945468,JPEG,bbd1eec7080c23f2,148,none,train
C:\workstation\3RD YEAR\citrus_fruit\Citrus-Diseases\aphids\aphids_223.jpg,aphids,3024,4032,882927,JPEG,bad1cec7083c23f2,148,near,train
C:\workstation\3RD YEAR\citrus_fruit\Citrus-Diseases\aphids\aphids_224.jpg,aphids,3024,4032,862464,JPEG,bad1cec7083e23f0,149,none,val
C:\workstation\3RD YEAR\citrus_fruit\Citrus-Diseases\aphids\aphids_225.jpg,aphids,3024,4032,2889365,JPEG,b1cacce83d1e3172,150,none,train
C:\workstation\3RD YEAR\citrus_fruit\Citrus-Diseases\aphids\aphids_226.jpg,aphids,3024,4032,632422,JPEG,a3b84e97244bbab1,151,none,val
C:\workstation\3RD YEAR\citrus_fruit\Citrus-Diseases\aphids\aphids_228.jpg,aphids,3024,4032,587099,JPEG,a3b84eb7244abe31,151,near,val
C:\workstation\3RD YEAR\citrus_fruit\Citrus-Diseases\aphids\aphids_229.jpg,aphids,3024,4032,645131,JPEG,a3bc4e93244abe35,152,none,train
C:\workstation\3RD YEAR\citrus_fruit\Citrus-Diseases\aphids\aphids_230.jpg,aphids,3024,4032,620698,JPEG,a3bc4e93254abab1,151,near,val
C:\workstation\3RD YEAR\citrus_fruit\Citrus-Diseases\aphids\aphids_231.jpg,aphids,3024,4032,637551,JPEG,a3b84f97254abe11,153,none,train
C:\workstation\3RD YEAR\citrus_fruit\Citrus-Diseases\aphids\aphids_232.jpg,aphids,3024,4032,620757,JPEG,a3bc4f93254aba15,152,near,train
C:\workstation\3RD YEAR\citrus_fruit\Citrus-Diseases\aphids\aphids_233.jpg,aphids,3024,4032,632080,JPEG,a3b84eb7644bbe01,154,none,val
C:\workstation\3RD YEAR\citrus_fruit\Citrus-Diseases\aphids\aphids_234.jpg,aphids,3024,4032,600622,JPEG,a3b84eb7685bbc01,154,near,val
C:\workstation\3RD YEAR\citrus_fruit\Citrus-Diseases\aphids\aphids_235.jpg,aphids,3024,4032,548254,JPEG,a7b84ea768dbbc00,155,none,train
C:\workstation\3RD YEAR\citrus_fruit\Citrus-Diseases\aphids\aphids_236.jpg,aphids,3024,4032,549499,JPEG,a7b85ca768dbbc00,155,near,train
C:\workstation\3RD YEAR\citrus_fruit\Citrus-Diseases\aphids\aphids_237.jpg,aphids,3024,4032,539710,JPEG,a7b85ca768d3bc40,155,near,train
C:\workstation\3RD YEAR\citrus_fruit\Citrus-Diseases\aphids\aphids_238.jpg,aphids,3024,4032,555153,JPEG,a3b84ef728dbb440,156,none,train
C:\workstation\3RD YEAR\citrus_fruit\Citrus-Diseases\aphids\aphids_239.jpg,aphids,3024,4032,590791,JPEG,a3b84eb728cbb660,156,near,train
C:\workstation\3RD YEAR\citrus_fruit\Citrus-Diseases\aphids\aphids_240.jpg,aphids,3024,4032,601932,JPEG,a3bc4e932cc9b760,157,none,train
C:\workstation\3RD YEAR\citrus_fruit\Citrus-Diseases\aphids\aphids_241.jpg,aphids,3024,4032,635522,JPEG,a3bc4f97204fbf00,158,none,train
C:\workstation\3RD YEAR\citrus_fruit\Citrus-Diseases\aphids\aphids_242.jpg,aphids,3024,4032,686812,JPEG,a2895e902e5ff1a3,159,none,train
C:\workstation\3RD YEAR\citrus_fruit\Citrus-Diseases\aphids\aphids_243.jpg,aphids,3024,4032,678671,JPEG,a6895e802e5ff1a3,159,near,train
C:\workstation\3RD YEAR\citrus_fruit\Citrus-Diseases\aphids\aphids_244.jpg,aphids,3024,4032,688121,JPEG,a6885f902e5ff0a3,159,near,train
C:\workstation\3RD YEAR\citrus_fruit\Citrus-Diseases\aphids\aphids_245.jpg,aphids,3024,4032,772956,JPEG,a3b8588e34f2a74d,160,none,test
C:\workstation\3RD YEAR\citrus_fruit\Citrus-Diseases\aphids\aphids_247.jpg,aphids,3024,4032,749816,JPEG,a39c5a8f30f1b645,161,none,train
C:\workstation\3RD YEAR\citrus_fruit\Citrus-Diseases\aphids\aphids_248.jpg,aphids,3024,4032,727308,JPEG,a3985b8f30f1e64c,162,none,train
C:\workstation\3RD YEAR\citrus_fruit\Citrus-Diseases\aphids\aphids_249.jpg,aphids,3024,4032,753538,JPEG,a7985b8f30f1c64c,162,near,train
C:\workstation\3RD YEAR\citrus_fruit\Citrus-Diseases\aphids\aphids_250.jpg,aphids,3024,4032,836445,JPEG,aab9588e25e2cf49,163,none,test
C:\workstation\3RD YEAR\citrus_fruit\Citrus-Diseases\aphids\aphids_251.jpg,aphids,3024,4032,780702,JPEG,c2b35d872c68876d,164,none,test
C:\workstation\3RD YEAR\citrus_fruit\Citrus-Diseases\aphids\aphids_252.jpg,aphids,3024,4032,814633,JPEG,e2b15d832c7c872d,165,none,train
C:\workstation\3RD YEAR\citrus_fruit\Citrus-Diseases\aphids\aphids_253.jpg,aphids,3024,4032,829600,JPEG,e2b15d832c7cc26d,165,near,train
C:\workstation\3RD YEAR\citrus_fruit\Citrus-Diseases\aphids\aphids_254.jpg,aphids,3024,4032,810403,JPEG,eab75d90ac6cc065,166,none,train
C:\workstation\3RD YEAR\citrus_fruit\Citrus-Diseases\aphids\aphids_255.jpg,aphids,3024,4032,810931,JPEG,e2b75d90ac7cc065,166,near,train
C:\workstation\3RD YEAR\citrus_fruit\Citrus-Diseases\aphids\aphids_256.jpg,aphids,3024,4032,778087,JPEG,e2b35c902e6ee06d,167,none,train
C:\workstation\3RD YEAR\citrus_fruit\Citrus-Diseases\aphids\aphids_257.jpg,aphids,3024,4032,620502,JPEG,a7b05cbd425df007,168,none,train
C:\workstation\3RD YEAR\citrus_fruit\Citrus-Diseases\aphids\aphids_258.jpg,aphids,3024,4032,635067,JPEG,a7b05cbc465df007,168,near,train
C:\workstation\3RD YEAR\citrus_fruit\Citrus-Diseases\aphids\aphids_259.jpg,aphids,3024,4032,675185,JPEG,a7b05cbd435df003,168,near,train
C:\workstation\3RD YEAR\citrus_fruit\Citrus-Diseases\aphids\aphids_260.jpg,aphids,3024,4032,613979,JPEG,a7b85cb5625fb003,169,none,train
C:\workstation\3RD YEAR\citrus_fruit\Citrus-Diseases\aphids\aphids_261.jpg,aphids,3024,4032,646884,JPEG,a7b85cb7405fb803,169,near,train
C:\workstation\3RD YEAR\citrus_fruit\Citrus-Diseases\aphids\aphids_262.jpg,aphids,3024,4032,634637,JPEG,a7b85ca6405dbb23,170,none,train
C:\workstation\3RD YEAR\citrus_fruit\Citrus-Diseases\aphids\aphids_263.jpg,aphids,3024,4032,617912,JPEG,a7b81dae4055fb22,171,none,val
C:\workstation\3RD YEAR\citrus_fruit\Citrus-Diseases\aphids\aphids_264.jpg,aphids,3024,4032,1295994,JPEG,8c36e6ad4ea1f710,172,none,train
C:\workstation\3RD YEAR\citrus_fruit\Citrus-Diseases\aphids\aphids_265.jpg,aphids,3024,4032,1286651,JPEG,8836e6ad5aa1f714,172,near,train
C:\workstation\3RD YEAR\citrus_fruit\Citrus-Diseases\aphids\aphids_266.jpg,aphids,3024,4032,1309834,JPEG,8c36e6ad6ea1f510,172,near,train
C:\workstation\3RD YEAR\citrus_fruit\Citrus-Diseases\aphids\aphids_267.jpg,aphids,3024,4032,1253668,JPEG,8c37e3ad4da0f710,173,none,train
C:\workstation\3RD YEAR\citrus_fruit\Citrus-Diseases\aphids\aphids_268.jpg,aphids,3024,4032,1327631,JPEG,8c36e2ad7ca0f516,174,none,test
C:\workstation\3RD YEAR\citrus_fruit\Citrus-Diseases\aphids\aphids_269.jpg,aphids,3024,4032,1288847,JPEG,8c36e7ad7c20e516,174,near,test
C:\workstation\3RD YEAR\citrus_fruit\Citrus-Diseases\aphids\aphids_270.jpg,aphids,3024,4032,1311918,JPEG,8c36e3a57d20e556,175,none,val
C:\workstation\3RD YEAR\citrus_fruit\Citrus-Diseases\aphids\aphids_271.jpg,aphids,4284,5712,796090,JPEG,f7c01ca5f30ae4c3,176,none,val
C:\workstation\3RD YEAR\citrus_fruit\Citrus-Diseases\aphids\aphids_272.jpg,aphids,4284,5712,770717,JPEG,f7c00cb5f308d4ea,177,none,train
C:\workstation\3RD YEAR\citrus_fruit\Citrus-Diseases\aphids\aphids_273.jpg,aphids,4284,5712,810337,JPEG,f7c218a5f208f5c3,178,none,train
C:\workstation\3RD YEAR\citrus_fruit\Citrus-Diseases\aphids\aphids_274.jpg,aphids,4284,5712,804653,JPEG,f7c218e5f208d4e3,178,near,train
C:\workstation\3RD YEAR\citrus_fruit\Citrus-Diseases\aphids\aphids_275.jpg,aphids,4284,5712,830619,JPEG,f7c008b5f20b54eb,179,none,train
C:\workstation\3RD YEAR\citrus_fruit\Citrus-Diseases\aphids\aphids_276.jpg,aphids,4284,5712,835113,JPEG,f7e00eb5710954ea,180,none,train
C:\workstation\3RD YEAR\citrus_fruit\Citrus-Diseases\aphids\aphids_277.jpg,aphids,4284,5712,879704,JPEG,f3e00eb7710a16e5,181,none,train
C:\workstation\3RD YEAR\citrus_fruit\Citrus-Diseases\aphids\aphids_278.jpg,aphids,4284,5712,809156,JPEG,f3c00ea7711aa6e5,182,none,train
C:\workstation\3RD YEAR\citrus_fruit\Citrus-Diseases\aphids\aphids_279.jpg,aphids,4284,5712,816062,JPEG,f9c00eb7b108b6e5,183,none,train
C:\workstation\3RD YEAR\citrus_fruit\Citrus-Diseases\aphids\aphids_280.jpg,aphids,4284,5712,805942,JPEG,fbc10ea73118b6e1,184,none,train
C:\workstation\3RD YEAR\citrus_fruit\Citrus-Diseases\aphids\aphids_281.jpg,aphids,3024,4032,608147,JPEG,f7c11ca6a118bee1,185,none,train
C:\workstation\3RD YEAR\citrus_fruit\Citrus-Diseases\aphids\aphids_282.jpg,aphids,3024,4032,584199,JPEG,fdcc0ea73118a6e1,186,none,val
C:\workstation\3RD YEAR\citrus_fruit\Citrus-Diseases\aphids\aphids_283.jpg,aphids,3024,4032,618617,JPEG,fdc00ee72118b6e3,187,none,train
C:\workstation\3RD YEAR\citrus_fruit\Citrus-Diseases\aphids\aphids_284.jpg,aphids,3024,4032,625805,JPEG,fdc00ee72118b6e6,187,near,train
C:\workstation\3RD YEAR\citrus_fruit\Citrus-Diseases\aphids\aphids_285.jpg,aphids,3024,4032,579953,JPEG,f3c11ce7a118ecc3,188,none,test
C:\workstation\3RD YEAR\citrus_fruit\Citrus-Diseases\aphids\aphids_286.jpg,aphids,3024,4032,631666,JPEG,f7c11ceca313bcc0,189,none,train
C:\workstation\3RD YEAR\citrus_fruit\Citrus-Diseases\aphids\aphids_287.jpg,aphids,3024,4032,608864,JPEG,f3c11ceea310bce1,190,none,train
C:\workstation\3RD YEAR\citrus_fruit\Citrus-Diseases\aphids\aphids_288.jpg,aphids,3024,4032,580574,JPEG,f3c11ceea318ecc1,188,near,test
C:\workstation\3RD YEAR\citrus_fruit\Citrus-Diseases\aphids\aphids_289.jpg,aphids,3024,4032,618963,JPEG,f3c11c2ef1182ee5,191,none,train
C:\workstation\3RD YEAR\citrus_fruit\Citrus-Diseases\aphids\aphids_290.jpg,aphids,3024,4032,624002,JPEG,f7c11c2cf3122ce5,192,none,val
C:\workstation\3RD YEAR\citrus_fruit\Citrus-Diseases\aphids\aphids_291.jpg,aphids,3024,4032,640243,JPEG,f7c1182cf3122ee5,192,near,val
C:\workstation\3RD YEAR\citrus_fruit\Citrus-Diseases\aphids\aphids_292.jpg,aphids,3024,4032,635446,JPEG,f7c11c25f30a0ee5,193,none,train
C:\workstation\3RD YEAR\citrus_fruit\Citrus-Diseases\aphids\aphids_293.jpg,aphids,3024,4032,661635,JPEG,f7c31825f30a0cf5,193,near,train
C:\workstation\3RD YEAR\citrus_fruit\Citrus-Diseases\aphids\aphids_294.jpg,aphids,3024,4032,688225,JPEG,f7e00825f32a1df4,194,none,val
C:\workstation\3RD YEAR\citrus_fruit\Citrus-Diseases\aphids\aphids_295.jpg,aphids,3024,4032,681339,JPEG,f7e00825f1aa07f6,195,none,train
C:\workstation\3RD YEAR\citrus_fruit\Citrus-Diseases\aphids\aphids_296.jpg,aphids,3024,4032,672463,JPEG,f7e00e24f1aa05f6,195,near,train
C:\workstation\3RD YEAR\citrus_fruit\Citrus-Diseases\aphids\aphids_297.jpg,aphids,3024,4032,703859,JPEG,f7e00824f3ab15d6,196,none,train
C:\workstation\3RD YEAR\citrus_fruit\Citrus-Diseases\aphids\aphids_298.jpg,aphids,3024,4032,727157,JPEG,f3e00c2671ab17d6,197,none,test
C:\workstation\3RD YEAR\citrus_fruit\Citrus-Diseases\aphids\aphids_299.jpg,aphids,3024,4032,712512,JPEG,f7e0082e73a90ed6,198,none,train
C:\workstation\3RD YEAR\citrus_fruit\Citrus-Diseases\aphids\aphids_300.jpg,aphids,3024,4032,734305,JPEG,f7e0092e72a90cde,198,near,train
C:\workstation\3RD YEAR\citrus_fruit\Citrus-Diseases\aphids\aphids_301.jpg,aphids,3024,4032,736861,JPEG,ffe4192b72a00c5e,199,none,test
C:\workstation\3RD YEAR\citrus_fruit\Citrus-Diseases\aphids\aphids_302.jpg,aphids,3024,4032,718417,JPEG,fbf40c2372a50657,200,none,train
C:\workstation\3RD YEAR\citrus_fruit\Citrus-Diseases\aphids\aphids_303.jpg,aphids,4284,5712,823335,JPEG,f3c11cac63133cce,201,none,train
C:\workstation\3RD YEAR\citrus_fruit\Citrus-Diseases\aphids\aphids_304.jpg,aphids,4284,5712,854236,JPEG,f1c11ea4731938ee,202,none,train
C:\workstation\3RD YEAR\citrus_fruit\Citrus-Diseases\aphids\aphids_305.jpg,aphids,3024,4032,648393,JPEG,e3c11c2cf3132cee,203,none,test
C:\workstation\3RD YEAR\citrus_fruit\Citrus-Diseases\aphids\aphids_306.jpg,aphids,4284,5712,946519,JPEG,f3c50a7ca71119bc,204,none,val
C:\workstation\3RD YEAR\citrus_fruit\Citrus-Diseases\aphids\aphids_307.jpg,aphids,4284,5712,856257,JPEG,f9c50e7ea51118e6,205,none,val
C:\workstation\3RD YEAR\citrus_fruit\Citrus-Diseases\aphids\aphids_308.jpg,aphids,4284,5712,921169,JPEG,f3c11a5ca753193c,206,none,train
C:\workstation\3RD YEAR\citrus_fruit\Citrus-Diseases\aphids\aphids_309.jpg,aphids,4284,5712,924976,JPEG,f9c40e77a5181cb6,207,none,test
C:\workstation\3RD YEAR\citrus_fruit\Citrus-Diseases\aphids\aphids_310.jpg,aphids,4284,5712,975149,JPEG,f2e3491ca4bbf411,208,none,test
C:\workstation\3RD YEAR\citrus_fruit\Citrus-Diseases\aphids\aphids_311.jpg,aphids,4284,5712,968993,JPEG,f9d14c4ea7b97018,209,none,train
C:\workstation\3RD YEAR\citrus_fruit\Citrus-Diseases\aphids\aphids_312.jpg,aphids,4284,5712,973360,JPEG,f9d14c0ea7b97218,209,near,train
C:\workstation\3RD YEAR\citrus_fruit\Citrus-Diseases\aphids\aphids_313.jpg,aphids,4284,5712,951909,JPEG,fbf14c0ea3b97208,210,none,train
C:\workstation\3RD YEAR\citrus_fruit\Citrus-Diseases\aphids\aphids_314.jpg,aphids,4284,5712,967458,JPEG,fbf14c0ea6b97208,210,near,train
C:\workstation\3RD YEAR\citrus_fruit\Citrus-Diseases\aphids\aphids_315.jpg,aphids,4284,5712,950574,JPEG,fbf54c0e20b9720b,211,none,train
C:\workstation\3RD YEAR\citrus_fruit\Citrus-Diseases\aphids\aphids_316.jpg,aphids,4284,5712,966452,JPEG,fbe75c0c20b9f20a,212,none,train
C:\workstation\3RD YEAR\citrus_fruit\Citrus-Diseases\aphids\aphids_317.jpg,aphids,4284,5712,945216,JPEG,fbe55c0e21b17609,213,none,train
C:\workstation\3RD YEAR\citrus_fruit\Citrus-Diseases\aphids\aphids_318.jpg,aphids,4284,5712,949142,JPEG,fbf55c0e20b1720b,211,near,train
C:\workstation\3RD YEAR\citrus_fruit\Citrus-Diseases\aphids\aphids_319.jpg,aphids,3024,4032,793626,JPEG,f2e7550c2e89f618,214,none,train
C:\workstation\3RD YEAR\citrus_fruit\Citrus-Diseases\aphids\aphids_320.jpg,aphids,3024,4032,774934,JPEG,f9f1444ea7a9701a,209,near,train
C:\workstation\3RD YEAR\citrus_fruit\Citrus-Diseases\aphids\aphids_321.jpg,aphids,3024,4032,772100,JPEG,f9f14c4e27a9f012,215,none,test
C:\workstation\3RD YEAR\citrus_fruit\Citrus-Diseases\aphids\aphids_322.jpg,aphids,3024,4032,771244,JPEG,f9f0464723b8f41a,216,none,train
C:\workstation\3RD YEAR\citrus_fruit\Citrus-Diseases\aphids\aphids_323.jpg,aphids,3024,4032,773593,JPEG,f9d04e4723a9f41a,216,near,train
C:\workstation\3RD YEAR\citrus_fruit\Citrus-Diseases\aphids\aphids_324.jpg,aphids,3024,4032,756289,JPEG,f9d0464723b8f51a,216,near,train
C:\workstation\3RD YEAR\citrus_fruit\Citrus-Diseases\aphids\aphids_325.jpg,aphids,3024,4032,739593,JPEG,f9d24e4723b8d50a,217,none,val
C:\workstation\3RD YEAR\citrus_fruit\Citrus-Diseases\aphids\aphids_326.jpg,aphids,3024,4032,735938,JPEG,f9c34e4623b9d50a,217,near,val
C:\workstation\3RD YEAR\citrus_fruit\Citrus-Diseases\aphids\aphids_327.jpg,aphids,3024,4032,726176,JPEG,f9e14c4e23b9d50a,218,none,train
C:\workstation\3RD YEAR\citrus_fruit\Citrus-Diseases\aphids\aphids_328.jpg,aphids,3024,4032,726942,JPEG,fbe1485c23b9570a,219,none,test
C:\workstation\3RD YEAR\citrus_fruit\Citrus-Diseases\aphids\aphids_329.jpg,aphids,4284,5712,913607,JPEG,f6e5595c23b6540a,220,none,val
C:\workstation\3RD YEAR\citrus_fruit\Citrus-Diseases\aphids\aphids_330.jpg,aphids,4284,5712,939362,JPEG,fae54d5e21b5d208,221,none,val
C:\workstation\3RD YEAR\citrus_fruit\Citrus-Diseases\aphids\aphids_331.jpg,aphids,3024,4032,678871,JPEG,fbe54c2ca3f208a5,222,none,train
C:\workstation\3RD YEAR\citrus_fruit\Citrus-Diseases\aphids\aphids_332.jpg,aphids,3024,4032,663790,JPEG,fbf14c26b1d10aa5,223,none,train
C:\workstation\3RD YEAR\citrus_fruit\Citrus-Diseases\aphids\aphids_333.jpg,aphids,3024,4032,720542,JPEG,f3e34c0ca3f3700d,224,none,train
C:\workstation\3RD YEAR\citrus_fruit\Citrus-Diseases\aphids\aphids_334.jpg,aphids,3024,4032,744589,JPEG,f3e35c0ca3f3112c,225,none,train
C:\workstation\3RD YEAR\citrus_fruit\Citrus-Diseases\aphids\aphids_335.jpg,aphids,3024,4032,714262,JPEG,f1c24c4ca3f354ae,226,none,test
C:\workstation\3RD YEAR\citrus_fruit\Citrus-Diseases\aphids\aphids_336.jpg,aphids,3024,4032,725718,JPEG,f1c24c4ca3fb542e,226,near,test
C:\workstation\3RD YEAR\citrus_fruit\Citrus-Diseases\aphids\aphids_337.jpg,aphids,3024,4032,744626,JPEG,f3c35c0ca3f3550c,225,near,train
C:\workstation\3RD YEAR\citrus_fruit\Citrus-Diseases\aphids\aphids_338.jpg,aphids,4284,5712,928881,JPEG,f3e35c0ce6f27108,227,none,train
C:\workstation\3RD YEAR\citrus_fruit\Citrus-Diseases\aphids\aphids_339.jpg,aphids,4284,5712,906468,JPEG,f3e3580ca2f2712d,228,none,train
C:\workstation\3RD YEAR\citrus_fruit\Citrus-Diseases\aphids\aphids_340.jpg,aphids,4284,5712,1547176,JPEG,893b73a6d84e8de0,229,none,train
C:\workstation\3RD YEAR\citrus_fruit\Citrus-Diseases\aphids\aphids_341.jpg,aphids,4284,5712,1587171,JPEG,893b77a0d85e8de0,229,near,train
C:\workstation\3RD YEAR\citrus_fruit\Citrus-Diseases\aphids\aphids_342.jpg,aphids,4284,5712,1603905,JPEG,893d73a4d84aade4,230,none,train
C:\workstation\3RD YEAR\citrus_fruit\Citrus-Diseases\aphids\aphids_343.jpg,aphids,3024,4032,1326311,JPEG,8c3573a69c4aa5e6,231,none,test
C:\workstation\3RD YEAR\citrus_fruit\Citrus-Diseases\aphids\aphids_344.jpg,aphids,3024,4032,1350829,JPEG,8c1573a2dd4aa4e7,232,none,train
C:\workstation\3RD YEAR\citrus_fruit\Citrus-Diseases\aphids\aphids_345.jpg,aphids,3024,4032,1305810,JPEG,883476a6dd68a1e7,233,none,train
C:\workstation\3RD YEAR\citrus_fruit\Citrus-Diseases\aphids\aphids_346.jpg,aphids,3024,4032,1307418,JPEG,8c1573a3df48a0e7,232,near,train
C:\workstation\3RD YEAR\citrus_fruit\Citrus-Diseases\aphids\aphids_347.jpg,aphids,3024,4032,1371949,JPEG,8c3573a29d68a4e7,232,near,train
C:\workstation\3RD YEAR\citrus_fruit\Citrus-Diseases\aphids\aphids_348.jpg,aphids,3024,4032,1303664,JPEG,983476a29f68a5e6,234,none,train
C:\workstation\3RD YEAR\citrus_fruit\Citrus-Diseases\aphids\aphids_349.jpg,aphids,3024,4032,1291514,JPEG,983476a39f78a1e2,234,near,train
C:\workstation\3RD YEAR\citrus_fruit\Citrus-Diseases\aphids\aphids_350.jpg,aphids,3024,4032,1274895,JPEG,881c76a39f7ca1e2,235,none,train
C:\workstation\3RD YEAR\citrus_fruit\Citrus-Diseases\aphids\aphids_351.jpg,aphids,3024,4032,1297103,JPEG,8c1c73a38f7ca4e2,236,none,train
C:\workstation\3RD YEAR\citrus_fruit\Citrus-Diseases\aphids\aphids_352.jpg,aphids,3024,4032,1311875,JPEG,8c1c73a38f6ea4e2,236,near,train
C:\workstation\3RD YEAR\citrus_fruit\Citrus-Diseases\aphids\aphids_353.jpg,aphids,3024,4032,1452334,JPEG,8c153ea3977d8ce0,237,none,train
C:\workstation\3RD YEAR\citrus_fruit\Citrus-Diseases\aphids\aphids_354.jpg,aphids,3024,4032,650487,JPEG,f3c24c1da2d3f628,238,none,train
C:\workstation\3RD YEAR\citrus_fruit\Citrus-Diseases\aphids\aphids_355.jpg,aphids,3024,4032,683724,JPEG,e3c24c1da2d3f728,238,near,train
C:\workstation\3RD YEAR\citrus_fruit\Citrus-Diseases\aphids\aphids_356.jpg,aphids,3024,4032,671446,JPEG,a3c64d1da2d3f429,239,none,train
C:\workstation\3RD YEAR\citrus_fruit\Citrus-Diseases\aphids\aphids_357.jpg,aphids,3024,4032,629952,JPEG,b2c74938a2d3f629,240,none,train
C:\workstation\3RD YEAR\citrus_fruit\Citrus-Diseases\aphids\aphids_358.jpg,aphids,3024,4032,656583,JPEG,a2c74938a6d3f629,240,near,train
C:\workstation\3RD YEAR\citrus_fruit\Citrus-Diseases\aphids\aphids_359.jpg,aphids,3024,4032,659029,JPEG,a2c74928a3e3f62d,241,none,train
C:\workstation\3RD YEAR\citrus_fruit\Citrus-Diseases\aphids\aphids_360.jpg,aphids,3024,4032,672147,JPEG,a3c3480ca7e3f2ad,242,none,train
C:\workstation\3RD YEAR\citrus_fruit\Citrus-Diseases\aphids\aphids_361.jpg,aphids,3024,4032,692509,JPEG,aec54938a6e3f229,243,none,test
C:\workstation\3RD YEAR\citrus_fruit\Citrus-Diseases\aphids\aphids_362.jpg,aphids,3024,4032,674841,JPEG,aec55939a6c6e429,244,none,train
C:\workstation\3RD YEAR\citrus_fruit\Citrus-Diseases\aphids\aphids_363.jpg,aphids,3024,4032,672647,JPEG,aec54938a7d2ea29,245,none,train
C:\workstation\3RD YEAR\citrus_fruit\Citrus-Diseases\aphids\aphids_364.jpg,aphids,3024,4032,710033,JPEG,aec5483ca3c3f22d,246,none,train
C:\workstation\3RD YEAR\citrus_fruit\Citrus-Diseases\aphids\aphids_365.jpg,aphids,3024,4032,639517,JPEG,f1c34c0ca3d3f2ac,247,none,train
C:\workstation\3RD YEAR\citrus_fruit\Citrus-Diseases\aphids\aphids_366.jpg,aphids,3024,4032,771998,JPEG,f3c34c0ca1d3f2ac,247,near,train
C:\workstation\3RD YEAR\citrus_fruit\Citrus-Diseases\aphids\aphids_367.jpg,aphids,3024,4032,799525,JPEG,a3d3480ca7e3f2b4,242,near,train
C:\workstation\3RD YEAR\citrus_fruit\Citrus-Diseases\aphids\aphids_368.jpg,aphids,3024,4032,621015,JPEG,f7f2480d15b8e2c5,248,none,val
C:\workstation\3RD YEAR\citrus_fruit\Citrus-Diseases\aphids\aphids_369.jpg,aphids,3024,4032,669454,JPEG,f7f2680d11b8eac4,248,near,val
C:\workstation\3RD YEAR\citrus_fruit\Citrus-Diseases\aphids\aphids_370.jpg,aphids,3024,4032,729898,JPEG,f7f2480d15b8eac4,248,near,val
C:\workstation\3RD YEAR\citrus_fruit\Citrus-Diseases\aphids\aphids_371.jpg,aphids,3024,4032,641559,JPEG,d7f2490b15bae2c4,249,none,train
C:\workstation\3RD YEAR\citrus_fruit\Citrus-Diseases\aphids\aphids_372.jpg,aphids,3024,4032,606162,JPEG,def2690314b8ebc4,250,none,test
C:\workstation\3RD YEAR\citrus_fruit\Citrus-Diseases\aphids\aphids_373.jpg,aphids,3024,4032,609422,JPEG,def2690314bceb84,250,near,test
C:\workstation\3RD YEAR\citrus_fruit\Citrus-Diseases\aphids\aphids_374.jpg,aphids,3024,4032,613689,JPEG,def2680b16b4eac4,251,none,val
C:\workstation\3RD YEAR\citrus_fruit\Citrus-Diseases\aphids\aphids_375.jpg,aphids,3024,4032,608025,JPEG,def2680b12b4ebc4,251,near,val
C:\workstation\3RD YEAR\citrus_fruit\Citrus-Diseases\aphids\aphids_376.jpg,aphids,3024,4032,815216,JPEG,def2680d12b4ebc4,251,near,val
C:\workstation\3RD YEAR\citrus_fruit\Citrus-Diseases\aphids\aphids_377.jpg,aphids,3024,4032,799786,JPEG,ddf2680f1294ebc8,252,none,val
C:\workstation\3RD YEAR\citrus_fruit\Citrus-Diseases\aphids\aphids_378.jpg,aphids,3024,4032,615674,JPEG,f7f6480d15b8ea05,248,near,val
C:\workstation\3RD YEAR\citrus_fruit\Citrus-Diseases\aphids\aphids_379.jpg,aphids,3024,4032,616391,JPEG,fdf26a0f11b0ea44,253,none,train
C:\workstation\3RD YEAR\citrus_fruit\Citrus-Diseases\aphids\aphids_380.jpg,aphids,3024,4032,837920,JPEG,faf5485c22a1d6e8,254,none,train
C:\workstation\3RD YEAR\citrus_fruit\Citrus-Diseases\aphids\aphids_381.jpg,aphids,3024,4032,820404,JPEG,abf7444c20b5d3e8,255,none,train
C:\workstation\3RD YEAR\citrus_fruit\Citrus-Diseases\aphids\aphids_382.jpg,aphids,3024,4032,826340,JPEG,aaf7415c22a5d2ea,256,none,train
C:\workstation\3RD YEAR\citrus_fruit\Citrus-Diseases\aphids\aphids_383.jpg,aphids,3024,4032,818770,JPEG,bbf2484d31b0d2e5,257,none,train
C:\workstation\3RD YEAR\citrus_fruit\Citrus-Diseases\aphids\aphids_384.jpg,aphids,3024,4032,680177,JPEG,c8a73a54a779c817,258,none,train
C:\workstation\3RD YEAR\citrus_fruit\Citrus-Diseases\aphids\aphids_385.jpg,aphids,3024,4032,671293,JPEG,c8a73a548779c917,258,near,train
C:\workstation\3RD YEAR\citrus_fruit\Citrus-Diseases\aphids\aphids_388.jpg,aphids,3024,4032,658548,JPEG,eca7195487f9c813,259,none,train
C:\workstation\3RD YEAR\citrus_fruit\Citrus-Diseases\aphids\aphids_389.jpg,aphids,3024,4032,655449,JPEG,e8a719d487f94817,259,near,train
C:\workstation\3RD YEAR\citrus_fruit\Citrus-Diseases\aphids\aphids_390.jpg,aphids,3024,4032,681257,JPEG,c8a71bc487f94917,260,none,train
C:\workstation\3RD YEAR\citrus_fruit\Citrus-Diseases\aphids\aphids_391.jpg,aphids,3024,4032,689337,JPEG,e8a718c687f94917,260,near,train
C:\workstation\3RD YEAR\citrus_fruit\Citrus-Diseases\aphids\aphids_392.jpg,aphids,3024,4032,686395,JPEG,e8a759c487f84917,260,near,train
C:\workstation\3RD YEAR\citrus_fruit\Citrus-Diseases\aphids\aphids_393.jpg,aphids,3024,4032,660955,JPEG,c8a75bc48ff84916,260,near,train
C:\workstation\3RD YEAR\citrus_fruit\Citrus-Diseases\aphids\aphids_394.jpg,aphids,3024,4032,675201,JPEG,c8a75bc487f84917,260,near,train
C:\workstation\3RD YEAR\citrus_fruit\Citrus-Diseases\aphids\aphids_395.jpg,aphids,3024,4032,705582,JPEG,c8a71bc487f9c916,260,near,train
C:\workstation\3RD YEAR\citrus_fruit\Citrus-Diseases\aphids\aphids_396.jpg,aphids,3024,4032,668017,JPEG,c8a73ac48f7ac916,261,none,train
C:\workstation\3RD YEAR\citrus_fruit\Citrus-Diseases\aphids\aphids_397.jpg,aphids,3024,4032,682586,JPEG,c8a73ac487f9c817,258,near,train
C:\workstation\3RD YEAR\citrus_fruit\Citrus-Diseases\aphids\aphids_398.jpg,aphids,3024,4032,640035,JPEG,c8a75bc4a7f84913,260,near,train
C:\workstation\3RD YEAR\citrus_fruit\Citrus-Diseases\aphids\aphids_400.jpg,aphids,3024,4032,641876,JPEG,cca75bc427f84913,262,none,train
C:\workstation\3RD YEAR\citrus_fruit\Citrus-Diseases\aphids\aphids_401.jpg,aphids,3024,4032,655482,JPEG,cca71bc427fc4913,262,near,train
C:\workstation\3RD YEAR\citrus_fruit\Citrus-Diseases\aphids\aphids_402.jpg,aphids,3024,4032,606336,JPEG,cca31bc427fe4913,262,near,train
C:\workstation\3RD YEAR\citrus_fruit\Citrus-Diseases\aphids\aphids_403.jpg,aphids,3024,4032,603891,JPEG,cca31ac4277e4997,263,none,train
C:\workstation\3RD YEAR\citrus_fruit\Citrus-Diseases\aphids\aphids_404.jpg,aphids,3024,4032,665268,JPEG,cca11bc4a17fc993,264,none,train
C:\workstation\3RD YEAR\citrus_fruit\Citrus-Diseases\aphids\aphids_405.jpg,aphids,3024,4032,646277,JPEG,cea11ac4217fc8b7,265,none,train
C:\workstation\3RD YEAR\citrus_fruit\Citrus-Diseases\aphids\aphids_406.jpg,aphids,3024,4032,648380,JPEG,cfa01bc4217f48b7,265,near,train
C:\workstation\3RD YEAR\citrus_fruit\Citrus-Diseases\aphids\aphids_407.jpg,aphids,3024,4032,646729,JPEG,cfa01bc6247fc893,266,none,train
C:\workstation\3RD YEAR\citrus_fruit\Citrus-Diseases\aphids\aphids_408.jpg,aphids,3024,4032,652883,JPEG,c7a01bc6247fc8b3,266,near,train
C:\workstation\3RD YEAR\citrus_fruit\Citrus-Diseases\aphids\aphids_409.jpg,aphids,3024,4032,660809,JPEG,cfa01bc6217f48b3,266,near,train
C:\workstation\3RD YEAR\citrus_fruit\Citrus-Diseases\aphids\aphids_410.jpg,aphids,3024,4032,662108,JPEG,cda11bc421fe49b3,267,none,train
C:\workstation\3RD YEAR\citrus_fruit\Citrus-Diseases\aphids\aphids_411.jpg,aphids,3024,4032,669257,JPEG,cca35bc421fc49b3,267,near,train
C:\workstation\3RD YEAR\citrus_fruit\Citrus-Diseases\aphids\aphids_412.jpg,aphids,3024,4032,665288,JPEG,cca31bc621fc49b3,267,near,train
C:\workstation\3RD YEAR\citrus_fruit\Citrus-Diseases\aphids\aphids_413.jpg,aphids,3024,4032,661090,JPEG,cca35ac423fc49b3,268,none,val
C:\workstation\3RD YEAR\citrus_fruit\Citrus-Diseases\aphids\aphids_414.jpg,aphids,3024,4032,661603,JPEG,cca35ac427fc49b2,268,near,val
C:\workstation\3RD YEAR\citrus_fruit\Citrus-Diseases\gummosis\gummosis_001.jpg,gummosis,4284,5712,1248466,JPEG,ceb3590ee4a3394a,269,none,train
C:\workstation\3RD YEAR\citrus_fruit\Citrus-Diseases\gummosis\gummosis_002.jpg,gummosis,4284,5712,1279672,JPEG,dcb3591ca4a37b48,270,none,train
C:\workstation\3RD YEAR\citrus_fruit\Citrus-Diseases\gummosis\gummosis_003.jpg,gummosis,4284,5712,1299850,JPEG,dcb3591ca4837b4a,270,near,train
C:\workstation\3RD YEAR\citrus_fruit\Citrus-Diseases\gummosis\gummosis_004.jpg,gummosis,4284,5712,1314512,JPEG,dca3d31da4837a58,271,none,train
C:\workstation\3RD YEAR\citrus_fruit\Citrus-Diseases\gummosis\gummosis_005.jpg,gummosis,4284,5712,1311585,JPEG,dea3d10ee483705e,272,none,train
C:\workstation\3RD YEAR\citrus_fruit\Citrus-Diseases\gummosis\gummosis_006.jpg,gummosis,4284,5712,1402675,JPEG,96a2d10ee59a705f,273,none,train
C:\workstation\3RD YEAR\citrus_fruit\Citrus-Diseases\gummosis\gummosis_007.jpg,gummosis,4284,5712,1426600,JPEG,94acf31cce9161dc,274,none,train
C:\workstation\3RD YEAR\citrus_fruit\Citrus-Diseases\gummosis\gummosis_008.jpg,gummosis,4284,5712,1370363,JPEG,9ca1b718ceb1659c,275,none,train
C:\workstation\3RD YEAR\citrus_fruit\Citrus-Diseases\gummosis\gummosis_009.jpg,gummosis,4284,5712,1357290,JPEG,bca8a619ccb369d8,276,none,train
C:\workstation\3RD YEAR\citrus_fruit\Citrus-Diseases\gummosis\gummosis_010.jpg,gummosis,4284,5712,1373508,JPEG,ac89b750ccb36cd4,277,none,val
C:\workstation\3RD YEAR\citrus_fruit\Citrus-Diseases\gummosis\gummosis_011.jpg,gummosis,4284,5712,1382654,JPEG,ae88b946ceb16cd4,278,none,train
C:\workstation\3RD YEAR\citrus_fruit\Citrus-Diseases\gummosis\gummosis_012.jpg,gummosis,4284,5712,1401745,JPEG,ee8ab946ceb34c84,279,none,train
C:\workstation\3RD YEAR\citrus_fruit\Citrus-Diseases\gummosis\gummosis_013.jpg,gummosis,4284,5712,1349037,JPEG,ec8ab94eceb348a4,279,near,train
C:\workstation\3RD YEAR\citrus_fruit\Citrus-Diseases\gummosis\gummosis_014.jpg,gummosis,4284,5712,1326010,JPEG,ec82bb4eceb248ac,280,none,test
C:\workstation\3RD YEAR\citrus_fruit\Citrus-Diseases\gummosis\gummosis_015.jpg,gummosis,4284,5712,1281504,JPEG,ec82a36eceb249a9,281,none,test
C:\workstation\3RD YEAR\citrus_fruit\Citrus-Diseases\gummosis\gummosis_016.jpg,gummosis,4284,5712,1285074,JPEG,a882e37eccb64ab1,282,none,test
C:\workstation\3RD YEAR\citrus_fruit\Citrus-Diseases\gummosis\gummosis_017.jpg,gummosis,3024,4032,1358668,JPEG,b988e471ccb666d1,283,none,train
C:\workstation\3RD YEAR\citrus_fruit\Citrus-Diseases\gummosis\gummosis_018.jpg,gummosis,4284,5712,1396721,JPEG,ac89b146ceb36cd4,278,near,train
C:\workstation\3RD YEAR\citrus_fruit\Citrus-Diseases\gummosis\gummosis_019.jpg,gummosis,4284,5712,1312078,JPEG,ec13fb46c6b148ac,284,none,train
C:\workstation\3RD YEAR\citrus_fruit\Citrus-Diseases\gummosis\gummosis_020.jpg,gummosis,4284,5712,1242114,JPEG,ec16f36d8ca74305,285,none,train
C:\workstation\3RD YEAR\citrus_fruit\Citrus-Diseases\gummosis\gummosis_021.jpg,gummosis,4284,5712,1251416,JPEG,ec15b36d8ea75105,286,none,test
C:\workstation\3RD YEAR\citrus_fruit\Citrus-Diseases\gummosis\gummosis_022.jpg,gummosis,4284,5712,1260240,JPEG,ec14f27d9ca75301,287,none,val
C:\workstation\3RD YEAR\citrus_fruit\Citrus-Diseases\gummosis\gummosis_023.jpg,gummosis,4284,5712,1247533,JPEG,ec14f27d9ca55306,287,near,val
C:\workstation\3RD YEAR\citrus_fruit\Citrus-Diseases\gummosis\gummosis_024.jpg,gummosis,4284,5712,1240618,JPEG,ec14f27ddca55301,287,near,val
C:\workstation\3RD YEAR\citrus_fruit\Citrus-Diseases\gummosis\gummosis_025.jpg,gummosis,4284,5712,1288110,JPEG,e995e26d9ca55303,288,none,val
C:\workstation\3RD YEAR\citrus_fruit\Citrus-Diseases\gummosis\gummosis_026.jpg,gummosis,4284,5712,1367928,JPEG,e997e27d99a44b01,289,none,val
C:\workstation\3RD YEAR\citrus_fruit\Citrus-Diseases\gummosis\gummosis_027.jpg,gummosis,4284,5712,1379269,JPEG,ec83f354cca349a9,290,none,train
C:\workstation\3RD YEAR\citrus_fruit\Citrus-Diseases\gummosis\gummosis_028.jpg,gummosis,4284,5712,1633863,JPEG,a8cae37e8ca24ba5,291,none,train
C:\workstation\3RD YEAR\citrus_fruit\Citrus-Diseases\gummosis\gummosis_029.jpg,gummosis,4284,5712,1634985,JPEG,eccaf37e8ca24984,292,none,val
C:\workstation\3RD YEAR\citrus_fruit\Citrus-Diseases\gummosis\gummosis_030.jpg,gummosis,4284,5712,1606347,JPEG,accaf96e8ea049a5,293,none,train
C:\workstation\3RD YEAR\citrus_fruit\Citrus-Diseases\gummosis\gummosis_031.jpg,gummosis,3024,4032,1610641,JPEG,eccafb4e8e6049a4,294,none,train
C:\workstation\3RD YEAR\citrus_fruit\Citrus-Diseases\gummosis\gummosis_032.jpg,gummosis,4284,5712,1409545,JPEG,ec8bbb5c8c6249a5,295,none,test
C:\workstation\3RD YEAR\citrus_fruit\Citrus-Diseases\gummosis\gummosis_033.jpg,gummosis,4284,5712,1326513,JPEG,eccaa3558ce649a5,296,none,train
C:\workstation\3RD YEAR\citrus_fruit\Citrus-Diseases\gummosis\gummosis_034.jpg,gummosis,4284,5712,1283779,JPEG,ed9c62d66a924267,297,none,train
C:\workstation\3RD YEAR\citrus_fruit\Citrus-Diseases\gummosis\gummosis_035.jpg,gummosis,4284,5712,1312237,JPEG,ed9c63d468926267,297,near,train
C:\workstation\3RD YEAR\citrus_fruit\Citrus-Diseases\gummosis\gummosis_036.jpg,gummosis,4284,5712,1317636,JPEG,edb853d4689062ee,298,none,train
C:\workstation\3RD YEAR\citrus_fruit\Citrus-Diseases\gummosis\gummosis_037.jpg,gummosis,4284,5712,1348096,JPEG,ecb943f2689564a5,299,none,test
C:\workstation\3RD YEAR\citrus_fruit\Citrus-Diseases\gummosis\gummosis_038.jpg,gummosis,4284,5712,1398682,JPEG,e9ba46f748b544a4,300,none,train
C:\workstation\3RD YEAR\citrus_fruit\Citrus-Diseases\gummosis\gummosis_039.jpg,gummosis,3024,4032,1252952,JPEG,c9b344f7493544e9,301,none,train
C:\workstation\3RD YEAR\citrus_fruit\Citrus-Diseases\gummosis\gummosis_040.jpg,gummosis,3024,4032,1243005,JPEG,c9a746f5591544ec,302,none,val
C:\workstation\3RD YEAR\citrus_fruit\Citrus-Diseases\gummosis\gummosis_041.jpg,gummosis,3024,4032,1279310,JPEG,ecb062d86916667d,303,none,train
C:\workstation\3RD YEAR\citrus_fruit\Citrus-Diseases\gummosis\gummosis_042.jpg,gummosis,3024,4032,1286320,JPEG,ecb162da6c166276,304,none,test
C:\workstation\3RD YEAR\citrus_fruit\Citrus-Diseases\gummosis\gummosis_043.jpg,gummosis,3024,4032,1430804,JPEG,e69563da6c526256,305,none,train
C:\workstation\3RD YEAR\citrus_fruit\Citrus-Diseases\gummosis\gummosis_044.jpg,gummosis,4284,5712,1433498,JPEG,e6956bea6c122355,306,none,train
C:\workstation\3RD YEAR\citrus_fruit\Citrus-Diseases\gummosis\gummosis_045.jpg,gummosis,4284,5712,1280761,JPEG,edb857d4489566b0,307,none,train
C:\workstation\3RD YEAR\citrus_fruit\Citrus-Diseases\gummosis\gummosis_046.jpg,gummosis,4284,5712,1282364,JPEG,e9b957d5489546a2,308,none,val
C:\workstation\3RD YEAR\citrus_fruit\Citrus-Diseases\gummosis\gummosis_047.jpg,gummosis,4284,5712,1333727,JPEG,c5b961eb689564b4,309,none,train
C:\workstation\3RD YEAR\citrus_fruit\Citrus-Diseases\gummosis\gummosis_048.jpg,gummosis,3024,4032,1266814,JPEG,cdb945f348b564a4,310,none,train
C:\workstation\3RD YEAR\citrus_fruit\Citrus-Diseases\gummosis\gummosis_049.jpg,gummosis,3024,4032,1294623,JPEG,e9bb46f5493544a4,300,near,train
C:\workstation\3RD YEAR\citrus_fruit\Citrus-Diseases\gummosis\gummosis_050.jpg,gummosis,4284,5712,1307317,JPEG,edb246d8689664b5,311,none,train
C:\workstation\3RD YEAR\citrus_fruit\Citrus-Diseases\gummosis\gummosis_051.jpg,gummosis,4284,5712,1359775,JPEG,edb246d8789664b8,311,near,train
C:\workstation\3RD YEAR\citrus_fruit\Citrus-Diseases\gummosis\gummosis_052.jpg,gummosis,4284,5712,1531273,JPEG,ecf342f2581622bd,312,none,train
C:\workstation\3RD YEAR\citrus_fruit\Citrus-Diseases\gummosis\gummosis_053.jpg,gummosis,3024,4032,1511626,JPEG,ec7142fa4896a2bd,313,none,test
C:\workstation\3RD YEAR\citrus_fruit\Citrus-Diseases\gummosis\gummosis_054.jpg,gummosis,3024,4032,1525460,JPEG,ec7542fa4816a2bd,313,near,test
C:\workstation\3RD YEAR\citrus_fruit\Citrus-Diseases\gummosis\gummosis_056.jpg,gummosis,3024,4032,1581495,JPEG,ec7542f24896a2bd,313,near,test
C:\workstation\3RD YEAR\citrus_fruit\Citrus-Diseases\gummosis\gummosis_057.jpg,gummosis,4284,5712,1370919,JPEG,c99c36d1d96c2a33,314,none,train
C:\workstation\3RD YEAR\citrus_fruit\Citrus-Diseases\gummosis\gummosis_058.jpg,gummosis,4284,5712,1351157,JPEG,cc9c37f1c9682a71,315,none,train
C:\workstation\3RD YEAR\citrus_fruit\Citrus-Diseases\gummosis\gummosis_059.jpg,gummosis,4284,5712,1364016,JPEG,c99c36f1d9682a33,314,near,train
C:\workstation\3RD YEAR\citrus_fruit\Citrus-Diseases\gummosis\gummosis_060.jpg,gummosis,3024,4032,1140334,JPEG,c99c36f1d16c2a33,314,near,train
C:\workstation\3RD YEAR\citrus_fruit\Citrus-Diseases\gummosis\gummosis_061.jpg,gummosis,3024,4032,1141362,JPEG,c99c36f1d9682b31,314,near,train
C:\workstation\3RD YEAR\citrus_fruit\Citrus-Diseases\gummosis\gummosis_062.jpg,gummosis,3024,4032,1168972,JPEG,c99c36f1d9602f31,316,none,val
C:\workstation\3RD YEAR\citrus_fruit\Citrus-Diseases\gummosis\gummosis_063.jpg,gummosis,3024,4032,1176446,JPEG,c99c26f1d9642f26,317,none,train
C:\workstation\3RD YEAR\citrus_fruit\Citrus-Diseases\gummosis\gummosis_064.jpg,gummosis,3024,4032,1150017,JPEG,c99e26f1d9642726,317,near,train
C:\workstation\3RD YEAR\citrus_fruit\Citrus-Diseases\gummosis\gummosis_066.jpg,gummosis,3024,4032,1205741,JPEG,c89c33f1d9682f31,316,near,val
C:\workstation\3RD YEAR\citrus_fruit\Citrus-Diseases\gummosis\gummosis_067.jpg,gummosis,3024,4032,1169878,JPEG,c89c37f1d86c2b31,318,none,train
C:\workstation\3RD YEAR\citrus_fruit\Citrus-Diseases\gummosis\gummosis_068.jpg,gummosis,3024,4032,1190049,JPEG,c89c33f1dc642bb1,318,near,train
C:\workstation\3RD YEAR\citrus_fruit\Citrus-Diseases\gummosis\gummosis_069.jpg,gummosis,4284,5712,1373882,JPEG,c89c33d0d7672bc8,319,none,train
C:\workstation\3RD YEAR\citrus_fruit\Citrus-Diseases\gummosis\gummosis_070.jpg,gummosis,4284,5712,1385058,JPEG,c89833d0d7676ac9,319,near,train
C:\workstation\3RD YEAR\citrus_fruit\Citrus-Diseases\gummosis\gummosis_071.jpg,gummosis,3024,4032,1150039,JPEG,cc9c3791d8673a0b,320,none,train
C:\workstation\3RD YEAR\citrus_fruit\Citrus-Diseases\gummosis\gummosis_072.jpg,gummosis,3024,4032,1174171,JPEG,df913087814b70fe,321,none,train
C:\workstation\3RD YEAR\citrus_fruit\Citrus-Diseases\gummosis\gummosis_073.jpg,gummosis,4284,5712,1014070,JPEG,88a1b34c8cfbf916,322,none,train
C:\workstation\3RD YEAR\citrus_fruit\Citrus-Diseases\gummosis\gummosis_074.jpg,gummosis,4284,5712,1011070,JPEG,98a1b34c88f7f916,322,near,train
C:\workstation\3RD YEAR\citrus_fruit\Citrus-Diseases\gummosis\gummosis_075.jpg,gummosis,4284,5712,966745,JPEG,98a5b24c88fef916,323,none,val
C:\workstation\3RD YEAR\citrus_fruit\Citrus-Diseases\gummosis\gummosis_076.jpg,gummosis,4284,5712,928948,JPEG,99a0b24c88eefd17,324,none,train
C:\workstation\3RD YEAR\citrus_fruit\Citrus-Diseases\gummosis\gummosis_077.jpg,gummosis,4284,5712,941803,JPEG,b8a0b34ccccaf517,325,none,val
C:\workstation\3RD YEAR\citrus_fruit\Citrus-Diseases\gummosis\gummosis_078.jpg,gummosis,3024,4032,805328,JPEG,b9a0b24c5ccae537,326,none,train
C:\workstation\3RD YEAR\citrus_fruit\Citrus-Diseases\gummosis\gummosis_079.jpg,gummosis,3024,4032,827395,JPEG,b9a0b24c5dcae517,326,near,train
C:\workstation\3RD YEAR\citrus_fruit\Citrus-Diseases\gummosis\gummosis_080.jpg,gummosis,3024,4032,822544,JPEG,b9e0b24c5dcae513,326,near,train
C:\workstation\3RD YEAR\citrus_fruit\Citrus-Diseases\gummosis\gummosis_081.jpg,gummosis,3024,4032,861652,JPEG,b9a0a64f59cee413,327,none,val
C:\workstation\3RD YEAR\citrus_fruit\Citrus-Diseases\gummosis\gummosis_082.jpg,gummosis,3024,4032,846509,JPEG,b9e4a24f5c8be413,328,none,train
C:\workstation\3RD YEAR\citrus_fruit\Citrus-Diseases\gummosis\gummosis_083.jpg,gummosis,3024,4032,913794,JPEG,b8e0a36f5c8be611,329,none,val
C:\workstation\3RD YEAR\citrus_fruit\Citrus-Diseases\gummosis\gummosis_084.jpg,gummosis,3024,4032,886079,JPEG,a8f2a36b5c8be611,329,near,val
C:\workstation\3RD YEAR\citrus_fruit\Citrus-Diseases\gummosis\gummosis_085.jpg,gummosis,3024,4032,880692,JPEG,88f2a36b5caba619,330,none,train
C:\workstation\3RD YEAR\citrus_fruit\Citrus-Diseases\gummosis\gummosis_086.jpg,gummosis,3024,4032,900506,JPEG,a8f3a66b5d89e610,331,none,train
C:\workstation\3RD YEAR\citrus_fruit\Citrus-Diseases\gummosis\gummosis_088.jpg,gummosis,3024,4032,888674,JPEG,baf1e4625b85e618,332,none,test
C:\workstation\3RD YEAR\citrus_fruit\Citrus-Diseases\gummosis\gummosis_089.jpg,gummosis,3024,4032,868743,JPEG,aad5e4621ba5e70c,333,none,val
C:\workstation\3RD YEAR\citrus_fruit\Citrus-Diseases\gummosis\gummosis_090.jpg,gummosis,3024,4032,854306,JPEG,aad5e4621ba4e70e,333,near,val
C:\workstation\3RD YEAR\citrus_fruit\Citrus-Diseases\gummosis\gummosis_091.jpg,gummosis,3024,4032,846213,JPEG,abd4f46a19a4654e,334,none,train
C:\workstation\3RD YEAR\citrus_fruit\Citrus-Diseases\gummosis\gummosis_092.jpg,gummosis,3024,4032,872912,JPEG,aed0f36948a6f30a,335,none,train
C:\workstation\3RD YEAR\citrus_fruit\Citrus-Diseases\gummosis\gummosis_093.jpg,gummosis,3024,4032,918681,JPEG,acf0b3635c8cf21c,336,none,train
C:\workstation\3RD YEAR\citrus_fruit\Citrus-Diseases\gummosis\gummosis_094.jpg,gummosis,3024,4032,931218,JPEG,a884b24f5c8ae6bd,337,none,train
C:\workstation\3RD YEAR\citrus_fruit\Citrus-Diseases\gummosis\gummosis_095.jpg,gummosis,3024,4032,907774,JPEG,a8a0b24f5c8ae6bd,337,near,train
C:\workstation\3RD YEAR\citrus_fruit\Citrus-Diseases\gummosis\gummosis_096.jpg,gummosis,3024,4032,893760,JPEG,98a0b24f5c8ae6bd,337,near,train
C:\workstation\3RD YEAR\citrus_fruit\Citrus-Diseases\gummosis\gummosis_097.jpg,gummosis,3024,4032,897702,JPEG,a8a4b34b448ee6bd,338,none,train
C:\workstation\3RD YEAR\citrus_fruit\Citrus-Diseases\gummosis\gummosis_098.jpg,gummosis,3024,4032,956938,JPEG,b9e0a2275489eebc,339,none,train
C:\workstation\3RD YEAR\citrus_fruit\Citrus-Diseases\gummosis\gummosis_099.jpg,gummosis,3024,4032,917005,JPEG,8bb4e43b5ba4a493,340,none,val
C:\workstation\3RD YEAR\citrus_fruit\Citrus-Diseases\gummosis\gummosis_100.jpg,gummosis,4284,5712,1100102,JPEG,b4aaf3c0dc6768c4,341,none,train
C:\workstation\3RD YEAR\citrus_fruit\Citrus-Diseases\gummosis\gummosis_101.jpg,gummosis,4284,5712,1074558,JPEG,b4a8f3d19ce662c4,342,none,test
C:\workstation\3RD YEAR\citrus_fruit\Citrus-Diseases\gummosis\gummosis_102.jpg,gummosis,3024,4032,965810,JPEG,b4ac73d19ce662c4,342,near,test
C:\workstation\3RD YEAR\citrus_fruit\Citrus-Diseases\gummosis\gummosis_103.jpg,gummosis,3024,4032,984897,JPEG,94aaf3c8dc6768c4,341,near,train
C:\workstation\3RD YEAR\citrus_fruit\Citrus-Diseases\gummosis\gummosis_104.jpg,gummosis,4284,5712,1317984,JPEG,86f231a7d8b8c333,343,none,val
C:\workstation\3RD YEAR\citrus_fruit\Citrus-Diseases\gummosis\gummosis_105.jpg,gummosis,4284,5712,1327582,JPEG,84f233a6d8b853b3,344,none,train
C:\workstation\3RD YEAR\citrus_fruit\Citrus-Diseases\gummosis\gummosis_106.jpg,gummosis,4284,5712,1327164,JPEG,84f633a6d0b8d333,344,near,train
C:\workstation\3RD YEAR\citrus_fruit\Citrus-Diseases\gummosis\gummosis_107.jpg,gummosis,3024,4032,1309413,JPEG,86f219acd2b9d233,345,none,train
C:\workstation\3RD YEAR\citrus_fruit\Citrus-Diseases\gummosis\gummosis_108.jpg,gummosis,3024,4032,1297324,JPEG,84e033acd6b9d237,346,none,train
C:\workstation\3RD YEAR\citrus_fruit\Citrus-Diseases\gummosis\gummosis_109.jpg,gummosis,3024,4032,1286937,JPEG,84f033acd6b9d037,346,near,train
C:\workstation\3RD YEAR\citrus_fruit\Citrus-Diseases\gummosis\gummosis_110.jpg,gummosis,3024,4032,1337447,JPEG,84e0338cd6b3d337,346,near,train
C:\workstation\3RD YEAR\citrus_fruit\Citrus-Diseases\gummosis\gummosis_111.jpg,gummosis,3024,4032,1295652,JPEG,8de0338cd4a1d737,347,none,test
C:\workstation\3RD YEAR\citrus_fruit\Citrus-Diseases\gummosis\gummosis_112.jpg,gummosis,3024,4032,1315141,JPEG,8ce0338cd6b3d536,348,none,train
C:\workstation\3RD YEAR\citrus_fruit\Citrus-Diseases\gummosis\gummosis_113.jpg,gummosis,3024,4032,1331868,JPEG,8ce53389c6b2d734,349,none,train
C:\workstation\3RD YEAR\citrus_fruit\Citrus-Diseases\gummosis\gummosis_114.jpg,gummosis,3024,4032,1309526,JPEG,ace53389c6a3d534,349,near,train
C:\workstation\3RD YEAR\citrus_fruit\Citrus-Diseases\gummosis\gummosis_115.jpg,gummosis,3024,4032,1294043,JPEG,ace5338dc6a3d524,350,none,val
C:\workstation\3RD YEAR\citrus_fruit\Citrus-Diseases\gummosis\gummosis_116.jpg,gummosis,3024,4032,1319138,JPEG,8ce53389c6a3d734,349,near,train
C:\workstation\3RD YEAR\citrus_fruit\Citrus-Diseases\gummosis\gummosis_117.jpg,gummosis,3024,4032,1269207,JPEG,ace53289d6a3d534,350,near,val
C:\workstation\3RD YEAR\citrus_fruit\Citrus-Diseases\gummosis\gummosis_118.jpg,gummosis,3024,4032,1259902,JPEG,ace4338dd6a3d524,350,near,val
C:\workstation\3RD YEAR\citrus_fruit\Citrus-Diseases\gummosis\gummosis_119.jpg,gummosis,3024,4032,1255180,JPEG,ade0378cd6a35634,351,none,val
C:\workstation\3RD YEAR\citrus_fruit\Citrus-Diseases\gummosis\gummosis_120.jpg,gummosis,3024,4032,1264342,JPEG,8de6338cd2a3563c,352,none,test
C:\workstation\3RD YEAR\citrus_fruit\Citrus-Diseases\gummosis\gummosis_121.jpg,gummosis,3024,4032,1280986,JPEG,85e6338cd0a356be,352,near,test
C:\workstation\3RD YEAR\citrus_fruit\Citrus-Diseases\gummosis\gummosis_122.jpg,gummosis,3024,4032,1281789,JPEG,84e2338cd0b356bf,353,none,train
C:\workstation\3RD YEAR\citrus_fruit\Citrus-Diseases\gummosis\gummosis_123.jpg,gummosis,3024,4032,1288381,JPEG,84f6238cd1a352bf,354,none,train
C:\workstation\3RD YEAR\citrus_fruit\Citrus-Diseases\gummosis\gummosis_124.jpg,gummosis,3024,4032,1280580,JPEG,94f323a4d9a063bb,355,none,val
C:\workstation\3RD YEAR\citrus_fruit\Citrus-Diseases\gummosis\gummosis_125.jpg,gummosis,3024,4032,1252983,JPEG,89b82791ce97619d,356,none,train
C:\workstation\3RD YEAR\citrus_fruit\Citrus-Diseases\gummosis\gummosis_126.jpg,gummosis,3024,4032,1241436,JPEG,88bc0790cfd6749d,357,none,val
C:\workstation\3RD YEAR\citrus_fruit\Citrus-Diseases\gummosis\gummosis_127.jpg,gummosis,3024,4032,1215844,JPEG,a8a70699e5c2779c,358,none,test
C:\workstation\3RD YEAR\citrus_fruit\Citrus-Diseases\gummosis\gummosis_128.jpg,gummosis,3024,4032,1175297,JPEG,ad82739da4c9718b,359,none,train
C:\workstation\3RD YEAR\citrus_fruit\Citrus-Diseases\gummosis\gummosis_129.jpg,gummosis,4284,5712,1331548,JPEG,adc5328dd4aaf528,360,none,train
C:\workstation\3RD YEAR\citrus_fruit\Citrus-Diseases\gummosis\gummosis_130.jpg,gummosis,4284,5712,1329815,JPEG,adc5b38dc4a37528,361,none,train
C:\workstation\3RD YEAR\citrus_fruit\Citrus-Diseases\gummosis\gummosis_131.jpg,gummosis,4284,5712,1344590,JPEG,8dc6378cd4e3742c,362,none,train
C:\workstation\3RD YEAR\citrus_fruit\Citrus-Diseases\gummosis\gummosis_132.jpg,gummosis,4284,5712,1357006,JPEG,8de6378cd0a3562d,352,near,test
C:\workstation\3RD YEAR\citrus_fruit\Citrus-Diseases\gummosis\gummosis_133.jpg,gummosis,4284,5712,1363852,JPEG,85e6378cd1a2562f,363,none,train
C:\workstation\3RD YEAR\citrus_fruit\Citrus-Diseases\gummosis\gummosis_134.jpg,gummosis,4284,5712,1369811,JPEG,84f2238cd1a356bf,353,near,train
C:\workstation\3RD YEAR\citrus_fruit\Citrus-Diseases\gummosis\gummosis_135.jpg,gummosis,4284,5712,1363069,JPEG,86f323a4d9a263b3,355,near,val
C:\workstation\3RD YEAR\citrus_fruit\Citrus-Diseases\gummosis\gummosis_136.jpg,gummosis,4284,5712,1356660,JPEG,92f333a6d9a063b1,364,none,val
C:\workstation\3RD YEAR\citrus_fruit\Citrus-Diseases\gummosis\gummosis_137.jpg,gummosis,4284,5712,1343809,JPEG,90f323a7d8b563b0,365,none,train
C:\workstation\3RD YEAR\citrus_fruit\Citrus-Diseases\gummosis\gummosis_138.jpg,gummosis,4284,5712,1350172,JPEG,99fb02b7d8b46330,366,none,train
C:\workstation\3RD YEAR\citrus_fruit\Citrus-Diseases\gummosis\gummosis_139.jpg,gummosis,3024,4032,1344949,JPEG,99bb0697d8bc6138,367,none,test
C:\workstation\3RD YEAR\citrus_fruit\Citrus-Diseases\gummosis\gummosis_140.jpg,gummosis,4284,5712,1279274,JPEG,bd842e9dc922f4d1,368,none,val
C:\workstation\3RD YEAR\citrus_fruit\Citrus-Diseases\gummosis\gummosis_141.jpg,gummosis,4284,5712,1373637,JPEG,bc842e9dc923f4d1,368,near,val
C:\workstation\3RD YEAR\citrus_fruit\Citrus-Diseases\gummosis\gummosis_142.jpg,gummosis,4284,5712,1376733,JPEG,bd842e9dc923f4d0,368,near,val
C:\workstation\3RD YEAR\citrus_fruit\Citrus-Diseases\gummosis\gummosis_143.jpg,gummosis,3024,4032,1311623,JPEG,be842e9dc923f4d0,368,near,val
C:\workstation\3RD YEAR\citrus_fruit\Citrus-Diseases\gummosis\gummosis_146.jpg,gummosis,3024,4032,1326527,JPEG,bc842e9dc923f6d0,368,near,val
C:\workstation\3RD YEAR\citrus_fruit\Citrus-Diseases\gummosis\gummosis_148.jpg,gummosis,3024,4032,1327376,JPEG,bc842f9dc923f0f0,369,none,train
C:\workstation\3RD YEAR\citrus_fruit\Citrus-Diseases\gummosis\gummosis_149.jpg,gummosis,3024,4032,1349719,JPEG,bc852f95c903f0f4,369,near,train
C:\workstation\3RD YEAR\citrus_fruit\Citrus-Diseases\gummosis\gummosis_150.jpg,gummosis,3024,4032,1322747,JPEG,bc852f89c923f0d5,370,none,train
C:\workstation\3RD YEAR\citrus_fruit\Citrus-Diseases\gummosis\gummosis_151.jpg,gummosis,3024,4032,1368646,JPEG,b4852f89cd23f1c5,370,near,train
C:\workstation\3RD YEAR\citrus_fruit\Citrus-Diseases\gummosis\gummosis_152.jpg,gummosis,3024,4032,1351853,JPEG,bc8d2b88cc63f1c5,371,none,test
C:\workstation\3RD YEAR\citrus_fruit\Citrus-Diseases\gummosis\gummosis_153.jpg,gummosis,3024,4032,1333985,JPEG,bc8d3b88cc23f1c5,371,near,test
C:\workstation\3RD YEAR\citrus_fruit\Citrus-Diseases\gummosis\gummosis_154.jpg,gummosis,3024,4032,1332141,JPEG,b5ad3b80ca23f1c5,372,none,test
C:\workstation\3RD YEAR\citrus_fruit\Citrus-Diseases\gummosis\gummosis_155.jpg,gummosis,3024,4032,1338271,JPEG,bdad7b88c822b1c5,373,none,test
C:\workstation\3RD YEAR\citrus_fruit\Citrus-Diseases\gummosis\gummosis_156.jpg,gummosis,3024,4032,1346147,JPEG,ada97b8ac826b1c5,373,near,test
C:\workstation\3RD YEAR\citrus_fruit\Citrus-Diseases\gummosis\gummosis_158.jpg,gummosis,3024,4032,1363451,JPEG,ad897b8acc26b1c5,374,none,train
C:\workstation\3RD YEAR\citrus_fruit\Citrus-Diseases\gummosis\gummosis_159.jpg,gummosis,3024,4032,1358906,JPEG,ad897b9acc06b385,374,near,train
C:\workstation\3RD YEAR\citrus_fruit\Citrus-Diseases\gummosis\gummosis_160.jpg,gummosis,3024,4032,1348027,JPEG,ad89798acc46b3c5,374,near,train
C:\workstation\3RD YEAR\citrus_fruit\Citrus-Diseases\gummosis\gummosis_161.jpg,gummosis,3024,4032,1345110,JPEG,ad89790ace46b3c5,375,none,train
C:\workstation\3RD YEAR\citrus_fruit\Citrus-Diseases\gummosis\gummosis_162.jpg,gummosis,3024,4032,1344757,JPEG,ad88790cce46b3cd,375,near,train
C:\workstation\3RD YEAR\citrus_fruit\Citrus-Diseases\gummosis\gummosis_163.jpg,gummosis,3024,4032,1349623,JPEG,a98a7a00df06b3cf,376,none,train
C:\workstation\3RD YEAR\citrus_fruit\Citrus-Diseases\gummosis\gummosis_164.jpg,gummosis,4284,5712,1122098,JPEG,a6a8c3d22f4bb11b,377,none,train
C:\workstation\3RD YEAR\citrus_fruit\Citrus-Diseases\gummosis\gummosis_165.jpg,gummosis,4284,5712,1135733,JPEG,a6a8c3d62f0bb11b,377,near,train
C:\workstation\3RD YEAR\citrus_fruit\Citrus-Diseases\gummosis\gummosis_166.jpg,gummosis,4284,5712,1142925,JPEG,a6a8d3d62f0bb01b,377,near,train
C:\workstation\3RD YEAR\citrus_fruit\Citrus-Diseases\gummosis\gummosis_168.jpg,gummosis,3024,4032,1013378,JPEG,b2ac51de2e4bb01b,378,none,train
C:\workstation\3RD YEAR\citrus_fruit\Citrus-Diseases\gummosis\gummosis_169.jpg,gummosis,3024,4032,1015768,JPEG,b2ac51de2f09b01f,378,near,train
C:\workstation\3RD YEAR\citrus_fruit\Citrus-Diseases\gummosis\gummosis_171.jpg,gummosis,4284,5712,1092883,JPEG,82acd1de2f09b21f,379,none,train
C:\workstation\3RD YEAR\citrus_fruit\Citrus-Diseases\gummosis\gummosis_172.jpg,gummosis,4284,5712,1107151,JPEG,a2acd1de2f09b01f,379,near,train
C:\workstation\3RD YEAR\citrus_fruit\Citrus-Diseases\gummosis\gummosis_173.jpg,gummosis,4284,5712,1128864,JPEG,a6a8d3de2f09b01b,380,none,test
C:\workstation\3RD YEAR\citrus_fruit\Citrus-Diseases\gummosis\gummosis_174.jpg,gummosis,4284,5712,1127986,JPEG,b2acd1d62f09b01f,379,near,train
C:\workstation\3RD YEAR\citrus_fruit\Citrus-Diseases\gummosis\gummosis_176.jpg,gummosis,3024,4032,1015885,JPEG,b2acc1da2f09b11f,381,none,train
C:\workstation\3RD YEAR\citrus_fruit\Citrus-Diseases\gummosis\gummosis_177.jpg,gummosis,3024,4032,1038279,JPEG,b2a8c3da2f0bb11b,377,near,train
C:\workstation\3RD YEAR\citrus_fruit\Citrus-Diseases\gummosis\gummosis_178.jpg,gummosis,3024,4032,1047453,JPEG,a6a8c3da2f0bb11b,377,near,train
C:\workstation\3RD YEAR\citrus_fruit\Citrus-Diseases\gummosis\gummosis_179.jpg,gummosis,3024,4032,1027253,JPEG,a6a8c3de6e09911f,382,none,val
C:\workstation\3RD YEAR\citrus_fruit\Citrus-Diseases\gummosis\gummosis_180.jpg,gummosis,3024,4032,1051443,JPEG,a6a8c3de660d911f,382,near,val
C:\workstation\3RD YEAR\citrus_fruit\Citrus-Diseases\gummosis\gummosis_181.jpg,gummosis,3024,4032,1070049,JPEG,a4a8c3df6e0e911b,383,none,train
C:\workstation\3RD YEAR\citrus_fruit\Citrus-Diseases\gummosis\gummosis_182.jpg,gummosis,3024,4032,1152340,JPEG,afb2dcf6681822b4,384,none,train
C:\workstation\3RD YEAR\citrus_fruit\Citrus-Diseases\gummosis\gummosis_183.jpg,gummosis,3024,4032,1174141,JPEG,afa6d9f4687908a4,385,none,train
C:\workstation\3RD YEAR\citrus_fruit\Citrus-Diseases\gummosis\gummosis_184.jpg,gummosis,3024,4032,1189756,JPEG,aea6d9f4487928a5,385,near,train
C:\workstation\3RD YEAR\citrus_fruit\Citrus-Diseases\gummosis\gummosis_185.jpg,gummosis,3024,4032,1178141,JPEG,aea6d9f4687908a5,385,near,train
C:\workstation\3RD YEAR\citrus_fruit\Citrus-Diseases\gummosis\gummosis_186.jpg,gummosis,3024,4032,1182481,JPEG,aaa7d9e44a7a08e5,386,none,train
C:\workstation\3RD YEAR\citrus_fruit\Citrus-Diseases\gummosis\gummosis_187.jpg,gummosis,3024,4032,1192456,JPEG,aaa7d9f4487a08e5,386,near,train
C:\workstation\3RD YEAR\citrus_fruit\Citrus-Diseases\gummosis\gummosis_188.jpg,gummosis,3024,4032,1190408,JPEG,aaa7d9e54a7808e5,386,near,train
C:\workstation\3RD YEAR\citrus_fruit\Citrus-Diseases\gummosis\gummosis_189.jpg,gummosis,3024,4032,1217935,JPEG,aaa6d9f44a3b0ca5,387,none,train
C:\workstation\3RD YEAR\citrus_fruit\Citrus-Diseases\gummosis\gummosis_190.jpg,gummosis,3024,4032,1108453,JPEG,aba2ddb47838a0b5,388,none,train
C:\workstation\3RD YEAR\citrus_fruit\Citrus-Diseases\gummosis\gummosis_192.jpg,gummosis,4284,5712,1176636,JPEG,afa2ddb47838a035,388,near,train
C:\workstation\3RD YEAR\citrus_fruit\Citrus-Diseases\gummosis\gummosis_193.jpg,gummosis,4284,5712,1171656,JPEG,afa2ddb47858a0b1,388,near,train
C:\workstation\3RD YEAR\citrus_fruit\Citrus-Diseases\gummosis\gummosis_194.jpg,gummosis,3024,4032,1154018,JPEG,afa2ddb47838a0b1,388,near,train
C:\workstation\3RD YEAR\citrus_fruit\Citrus-Diseases\gummosis\gummosis_196.jpg,gummosis,3024,4032,1146573,JPEG,afa2ddb45878a0b1,388,near,train
C:\workstation\3RD YEAR\citrus_fruit\Citrus-Diseases\gummosis\gummosis_198.jpg,gummosis,3024,4032,1172131,JPEG,afa2ddb47938a031,388,near,train
C:\workstation\3RD YEAR\citrus_fruit\Citrus-Diseases\gummosis\gummosis_199.jpg,gummosis,3024,4032,1139470,JPEG,abb2dcb6691ca630,389,none,test
C:\workstation\3RD YEAR\citrus_fruit\Citrus-Diseases\gummosis\gummosis_200.jpg,gummosis,3024,4032,1144134,JPEG,abb2dcb66919a630,389,near,test
C:\workstation\3RD YEAR\citrus_fruit\Citrus-Diseases\gummosis\gummosis_201.jpg,gummosis,3024,4032,1121440,JPEG,a9b3dcb46819ae34,390,none,train
C:\workstation\3RD YEAR\citrus_fruit\Citrus-Diseases\gummosis\gummosis_202.jpg,gummosis,3024,4032,1108176,JPEG,a4b3deb76818a634,391,none,test
C:\workstation\3RD YEAR\citrus_fruit\Citrus-Diseases\gummosis\gummosis_203.jpg,gummosis,3024,4032,1106391,JPEG,a49bd6b56c18a734,392,none,train
C:\workstation\3RD YEAR\citrus_fruit\Citrus-Diseases\gummosis\gummosis_204.jpg,gummosis,3024,4032,1093907,JPEG,a599d6b56c18a732,392,near,train
C:\workstation\3RD YEAR\citrus_fruit\Citrus-Diseases\gummosis\gummosis_205.jpg,gummosis,3024,4032,1080475,JPEG,a499d6b46e18a772,393,none,test
C:\workstation\3RD YEAR\citrus_fruit\Citrus-Diseases\gummosis\gummosis_206.jpg,gummosis,3024,4032,1066736,JPEG,a489c2b46f19b73a,394,none,train
C:\workstation\3RD YEAR\citrus_fruit\Citrus-Diseases\gummosis\gummosis_208.jpg,gummosis,3024,4032,1051847,JPEG,a488c3b66f09b73a,394,near,train
C:\workstation\3RD YEAR\citrus_fruit\Citrus-Diseases\gummosis\gummosis_209.jpg,gummosis,3024,4032,1054002,JPEG,a488c3b66f0db33a,395,none,train
C:\workstation\3RD YEAR\citrus_fruit\Citrus-Diseases\gummosis\gummosis_210.jpg,gummosis,3024,4032,1061132,JPEG,a4a8c3962f0db73a,395,near,train
C:\workstation\3RD YEAR\citrus_fruit\Citrus-Diseases\gummosis\gummosis_211.jpg,gummosis,3024,4032,1057232,JPEG,a4a8c3962f0db33b,395,near,train
C:\workstation\3RD YEAR\citrus_fruit\Citrus-Diseases\gummosis\gummosis_212.jpg,gummosis,3024,4032,1068273,JPEG,a489c2b66f0db732,394,near,train
C:\workstation\3RD YEAR\citrus_fruit\Citrus-Diseases\gummosis\gummosis_213.jpg,gummosis,3024,4032,1093385,JPEG,a599c6976c0ea732,396,none,train
C:\workstation\3RD YEAR\citrus_fruit\Citrus-Diseases\gummosis\gummosis_214.jpg,gummosis,3024,4032,1089445,JPEG,a4bbc6976c0ca732,396,near,train
C:\workstation\3RD YEAR\citrus_fruit\Citrus-Diseases\gummosis\gummosis_215.jpg,gummosis,4284,5712,1313288,JPEG,91fb82b6d8a563b0,397,none,val
C:\workstation\3RD YEAR\citrus_fruit\Citrus-Diseases\gummosis\gummosis_216.jpg,gummosis,4284,5712,1307156,JPEG,90fb83b6d8a563b0,397,near,val
C:\workstation\3RD YEAR\citrus_fruit\Citrus-Diseases\gummosis\gummosis_217.jpg,gummosis,4284,5712,1308231,JPEG,92fba2a6d8a463b4,398,none,train
C:\workstation\3RD YEAR\citrus_fruit\Citrus-Diseases\gummosis\gummosis_218.jpg,gummosis,3024,4032,1270500,JPEG,92f3b3a6d8a063b4,364,near,val
C:\workstation\3RD YEAR\citrus_fruit\Citrus-Diseases\gummosis\gummosis_219.jpg,gummosis,3024,4032,1270105,JPEG,86f3b3a4d8a87325,399,none,train
C:\workstation\3RD YEAR\citrus_fruit\Citrus-Diseases\gummosis\gummosis_220.jpg,gummosis,3024,4032,1299197,JPEG,92fb82a6d9a863b4,398,near,train
C:\workstation\3RD YEAR\citrus_fruit\Citrus-Diseases\gummosis\gummosis_221.jpg,gummosis,3024,4032,1214353,JPEG,93e894b3d8e56136,400,none,train
C:\workstation\3RD YEAR\citrus_fruit\Citrus-Diseases\gummosis\gummosis_222.jpg,gummosis,3024,4032,1237901,JPEG,99a893b0cdd57513,401,none,train
C:\workstation\3RD YEAR\citrus_fruit\Citrus-Diseases\gummosis\gummosis_223.jpg,gummosis,3024,4032,1175096,JPEG,98ad92b2edd07513,402,none,val
C:\workstation\3RD YEAR\citrus_fruit\Citrus-Diseases\gummosis\gummosis_224.jpg,gummosis,3024,4032,1185260,JPEG,88bd86bacdd27413,403,none,train
C:\workstation\3RD YEAR\citrus_fruit\Citrus-Diseases\gummosis\gummosis_225.jpg,gummosis,3024,4032,1174539,JPEG,88acd6b8c5da7619,404,none,val
C:\workstation\3RD YEAR\citrus_fruit\Citrus-Diseases\gummosis\gummosis_226.jpg,gummosis,3024,4032,1251482,JPEG,8ab6c4b9c2db7419,405,none,test
C:\workstation\3RD YEAR\citrus_fruit\Citrus-Diseases\gummosis\gummosis_227.jpg,gummosis,3024,4032,1235812,JPEG,8bb6c69dc25b7608,406,none,train
C:\workstation\3RD YEAR\citrus_fruit\Citrus-Diseases\gummosis\gummosis_228.jpg,gummosis,3024,4032,1257290,JPEG,afa2d79dc05b3308,407,none,train
C:\workstation\3RD YEAR\citrus_fruit\Citrus-Diseases\gummosis\gummosis_229.jpg,gummosis,3024,4032,996602,JPEG,afb3f21c5962049b,408,none,val
C:\workstation\3RD YEAR\citrus_fruit\Citrus-Diseases\gummosis\gummosis_230.jpg,gummosis,3024,4032,978417,JPEG,adb3f31c596204cb,408,near,val
C:\workstation\3RD YEAR\citrus_fruit\Citrus-Diseases\gummosis\gummosis_232.jpg,gummosis,3024,4032,1022012,JPEG,adb3f39c5962248a,409,none,train
C:\workstation\3RD YEAR\citrus_fruit\Citrus-Diseases\gummosis\gummosis_233.jpg,gummosis,3024,4032,1049422,JPEG,8fb3f39c5962248a,409,near,train
C:\workstation\3RD YEAR\citrus_fruit\Citrus-Diseases\gummosis\gummosis_234.jpg,gummosis,3024,4032,1053960,JPEG,99b3b39c556e2489,410,none,val
C:\workstation\3RD YEAR\citrus_fruit\Citrus-Diseases\gummosis\gummosis_235.jpg,gummosis,3024,4032,1044400,JPEG,89b1b29d556e3c89,411,none,train
C:\workstation\3RD YEAR\citrus_fruit\Citrus-Diseases\gummosis\gummosis_236.jpg,gummosis,3024,4032,906444,JPEG,98bcbe9919463a99,412,none,train
C:\workstation\3RD YEAR\citrus_fruit\Citrus-Diseases\gummosis\gummosis_237.jpg,gummosis,3024,4032,976811,JPEG,999cbe9b19462a99,412,near,train
C:\workstation\3RD YEAR\citrus_fruit\Citrus-Diseases\gummosis\gummosis_238.jpg,gummosis,3024,4032,900060,JPEG,b9beb6991a462a98,413,none,test
C:\workstation\3RD YEAR\citrus_fruit\Citrus-Diseases\gummosis\gummosis_239.jpg,gummosis,3024,4032,942628,JPEG,bb9eb6991a462c98,413,near,test
C:\workstation\3RD YEAR\citrus_fruit\Citrus-Diseases\gummosis\gummosis_240.jpg,gummosis,3024,4032,897844,JPEG,bb8eb7991a462499,414,none,train
C:\workstation\3RD YEAR\citrus_fruit\Citrus-Diseases\gummosis\gummosis_241.jpg,gummosis,3024,4032,930491,JPEG,a98fd7890b623c99,415,none,train
C:\workstation\3RD YEAR\citrus_fruit\Citrus-Diseases\gummosis\gummosis_242.jpg,gummosis,3024,4032,901441,JPEG,a98fd6892f64341d,416,none,val
C:\workstation\3RD YEAR\citrus_fruit\Citrus-Diseases\gummosis\gummosis_243.jpg,gummosis,3024,4032,1050490,JPEG,a89ebe9919663899,417,none,train
C:\workstation\3RD YEAR\citrus_fruit\Citrus-Diseases\gummosis\gummosis_244.jpg,gummosis,3024,4032,1009701,JPEG,98bcb69919473e19,412,near,train
C:\workstation\3RD YEAR\citrus_fruit\Citrus-Diseases\gummosis\gummosis_245.jpg,gummosis,3024,4032,1052941,JPEG,8cb1b3881d777c15,418,none,val
C:\workstation\3RD YEAR\citrus_fruit\Citrus-Diseases\gummosis\gummosis_246.jpg,gummosis,3024,4032,1087136,JPEG,89b3b39839766915,419,none,test
C:\workstation\3RD YEAR\citrus_fruit\Citrus-Diseases\gummosis\gummosis_247.jpg,gummosis,3024,4032,1068208,JPEG,99b3f39d3f226104,420,none,test
C:\workstation\3RD YEAR\citrus_fruit\Citrus-Diseases\gummosis\gummosis_248.jpg,gummosis,3024,4032,1318899,JPEG,fcb2b39c31324e29,421,none,val
C:\workstation\3RD YEAR\citrus_fruit\Citrus-Diseases\gummosis\gummosis_249.jpg,gummosis,3024,4032,1375811,JPEG,fdb7b3983532402c,422,none,train
C:\workstation\3RD YEAR\citrus_fruit\Citrus-Diseases\gummosis\gummosis_250.jpg,gummosis,3024,4032,1388690,JPEG,9db3b39d3a324924,423,none,val
C:\workstation\3RD YEAR\citrus_fruit\Citrus-Diseases\gummosis\gummosis_251.jpg,gummosis,3024,4032,1206733,JPEG,9db3b39c3b545114,424,none,train
C:\workstation\3RD YEAR\citrus_fruit\Citrus-Diseases\gummosis\gummosis_252.jpg,gummosis,3024,4032,1240721,JPEG,98b0bc883b4f5c3b,425,none,train
C:\workstation\3RD YEAR\citrus_fruit\Citrus-Diseases\gummosis\gummosis_253.jpg,gummosis,3024,4032,1400901,JPEG,99bcbe8d18464e39,426,none,test
C:\workstation\3RD YEAR\citrus_fruit\Citrus-Diseases\gummosis\gummosis_254.jpg,gummosis,3024,4032,2327602,JPEG,9ba8bc8b184e5e33,427,none,train
C:\workstation\3RD YEAR\citrus_fruit\Citrus-Diseases\gummosis\gummosis_255.jpg,gummosis,3024,4032,1213607,JPEG,c98133bc8f62ef88,428,none,train
C:\workstation\3RD YEAR\citrus_fruit\Citrus-Diseases\gummosis\gummosis_256.jpg,gummosis,3024,4032,1226514,JPEG,c98037bc8e66ef88,428,near,train
C:\workstation\3RD YEAR\citrus_fruit\Citrus-Diseases\gummosis\gummosis_257.jpg,gummosis,3024,4032,1132810,JPEG,ed8423bc86eea598,429,none,train
C:\workstation\3RD YEAR\citrus_fruit\Citrus-Diseases\gummosis\gummosis_258.jpg,gummosis,3024,4032,1140908,JPEG,ed8023bc8eeea58a,429,near,train
C:\workstation\3RD YEAR\citrus_fruit\Citrus-Diseases\gummosis\gummosis_259.jpg,gummosis,3024,4032,1136210,JPEG,e98223bd86eea499,430,none,train
C:\workstation\3RD YEAR\citrus_fruit\Citrus-Diseases\gummosis\gummosis_260.jpg,gummosis,3024,4032,1144447,JPEG,c98223b9c3e6e599,431,none,test
C:\workstation\3RD YEAR\citrus_fruit\Citrus-Diseases\gummosis\gummosis_261.jpg,gummosis,3024,4032,1128188,JPEG,f98223b980e6e799,432,none,train
C:\workstation\3RD YEAR\citrus_fruit\Citrus-Diseases\gummosis\gummosis_262.jpg,gummosis,3024,4032,1110614,JPEG,e98223b981e6e799,431,near,test
C:\workstation\3RD YEAR\citrus_fruit\Citrus-Diseases\gummosis\gummosis_263.jpg,gummosis,3024,4032,1122435,JPEG,d18223b9c1e76799,433,none,train
C:\workstation\3RD YEAR\citrus_fruit\Citrus-Diseases\gummosis\gummosis_264.jpg,gummosis,3024,4032,1196640,JPEG,f18223b981e76799,432,near,train
C:\workstation\3RD YEAR\citrus_fruit\Citrus-Diseases\gummosis\gummosis_265.jpg,gummosis,3024,4032,1122232,JPEG,d98423b981e765b9,434,none,train
C:\workstation\3RD YEAR\citrus_fruit\Citrus-Diseases\gummosis\gummosis_266.jpg,gummosis,3024,4032,1158095,JPEG,d98623b990e76798,435,none,train
C:\workstation\3RD YEAR\citrus_fruit\Citrus-Diseases\gummosis\gummosis_267.jpg,gummosis,3024,4032,1079859,JPEG,c98623bd80e755b9,436,none,train
C:\workstation\3RD YEAR\citrus_fruit\Citrus-Diseases\gummosis\gummosis_269.jpg,gummosis,3024,4032,1265709,JPEG,c98507f9372748cd,437,none,train
C:\workstation\3RD YEAR\citrus_fruit\Citrus-Diseases\gummosis\gummosis_270.jpg,gummosis,3024,4032,1244222,JPEG,c98506f937274ccd,437,near,train
C:\workstation\3RD YEAR\citrus_fruit\Citrus-Diseases\gummosis\gummosis_271.jpg,gummosis,3024,4032,1232348,JPEG,d9c406b939a74ccd,438,none,test
C:\workstation\3RD YEAR\citrus_fruit\Citrus-Diseases\gummosis\gummosis_272.jpg,gummosis,3024,4032,1268452,JPEG,d9d402b938a74ecd,438,near,test
C:\workstation\3RD YEAR\citrus_fruit\Citrus-Diseases\gummosis\gummosis_273.jpg,gummosis,3024,4032,1256367,JPEG,f9c6069d38a24fcc,439,none,train
C:\workstation\3RD YEAR\citrus_fruit\Citrus-Diseases\gummosis\gummosis_274.jpg,gummosis,3024,4032,1176842,JPEG,f9c6069d38a64f8c,439,near,train
C:\workstation\3RD YEAR\citrus_fruit\Citrus-Diseases\gummosis\gummosis_275.jpg,gummosis,3024,4032,1217451,JPEG,f9c6029d1ca34fcc,439,near,train
C:\workstation\3RD YEAR\citrus_fruit\Citrus-Diseases\gummosis\gummosis_276.jpg,gummosis,3024,4032,1289019,JPEG,f9c6029d3ca24fcc,439,near,train
C:\workstation\3RD YEAR\citrus_fruit\Citrus-Diseases\gummosis\gummosis_277.jpg,gummosis,3024,4032,1197026,JPEG,f9c6029d1ca6cfc8,440,none,train
C:\workstation\3RD YEAR\citrus_fruit\Citrus-Diseases\gummosis\gummosis_278.jpg,gummosis,3024,4032,1248091,JPEG,f8c6029d1cb3c7ca,441,none,train
C:\workstation\3RD YEAR\citrus_fruit\Citrus-Diseases\gummosis\gummosis_279.jpg,gummosis,3024,4032,1192997,JPEG,f8d6029d1cb347ca,441,near,train
C:\workstation\3RD YEAR\citrus_fruit\Citrus-Diseases\gummosis\gummosis_280.jpg,gummosis,3024,4032,1199604,JPEG,f8d6029d1cb267ca,441,near,train
C:\workstation\3RD YEAR\citrus_fruit\Citrus-Diseases\gummosis\gummosis_281.jpg,gummosis,3024,4032,1253914,JPEG,d9d6029d18b3cf8c,442,none,test
C:\workstation\3RD YEAR\citrus_fruit\Citrus-Diseases\gummosis\gummosis_282.jpg,gummosis,3024,4032,1239433,JPEG,ddd6029c18a3cece,443,none,val
C:\workstation\3RD YEAR\citrus_fruit\Citrus-Diseases\gummosis\gummosis_283.jpg,gummosis,3024,4032,1202106,JPEG,d98406f839a74cdd,438,near,test
C:\workstation\3RD YEAR\citrus_fruit\Citrus-Diseases\gummosis\gummosis_284.jpg,gummosis,3024,4032,1220621,JPEG,cd9013fc3aa74ccc,444,none,train
C:\workstation\3RD YEAR\citrus_fruit\Citrus-Diseases\gummosis\gummosis_285.jpg,gummosis,3024,4032,1177876,JPEG,c98113fc3f274ccc,445,none,val
C:\workstation\3RD YEAR\citrus_fruit\Citrus-Diseases\gummosis\gummosis_286.jpg,gummosis,3024,4032,1210084,JPEG,c99513f837274ccc,445,near,val
C:\workstation\3RD YEAR\citrus_fruit\Citrus-Diseases\gummosis\gummosis_287.jpg,gummosis,3024,4032,1204263,JPEG,c99113fc37274ccc,445,near,val
C:\workstation\3RD YEAR\citrus_fruit\Citrus-Diseases\gummosis\gummosis_288.jpg,gummosis,3024,4032,1193022,JPEG,c89313ec36b74ccc,446,none,train
C:\workstation\3RD YEAR\citrus_fruit\Citrus-Diseases\gummosis\gummosis_289.jpg,gummosis,3024,4032,1265802,JPEG,c89313ee32b34ccd,446,near,train
C:\workstation\3RD YEAR\citrus_fruit\Citrus-Diseases\gummosis\gummosis_290.jpg,gummosis,3024,4032,1298548,JPEG,c89313cc36374cdd,446,near,train
C:\workstation\3RD YEAR\citrus_fruit\Citrus-Diseases\gummosis\gummosis_291.jpg,gummosis,3024,4032,1299978,JPEG,c89313f83ea64cd9,447,none,train
C:\workstation\3RD YEAR\citrus_fruit\Citrus-Diseases\gummosis\gummosis_292.jpg,gummosis,3024,4032,1303766,JPEG,c99213f81ea748dd,448,none,train
C:\workstation\3RD YEAR\citrus_fruit\Citrus-Diseases\gummosis\gummosis_293.jpg,gummosis,3024,4032,1254568,JPEG,c99213fc1aa748dd,448,near,train
C:\workstation\3RD YEAR\citrus_fruit\Citrus-Diseases\gummosis\gummosis_294.jpg,gummosis,3024,4032,1257642,JPEG,d98203f91ba748dd,449,none,train
C:\workstation\3RD YEAR\citrus_fruit\Citrus-Diseases\gummosis\gummosis_295.jpg,gummosis,4284,5712,1484927,JPEG,dc9437ed0082f7cc,450,none,train
C:\workstation\3RD YEAR\citrus_fruit\Citrus-Diseases\gummosis\gummosis_296.jpg,gummosis,4284,5712,1547348,JPEG,dc9637ed088273cc,450,near,train
C:\workstation\3RD YEAR\citrus_fruit\Citrus-Diseases\gummosis\gummosis_297.jpg,gummosis,4284,5712,1551199,JPEG,de9f36e9888073c8,451,none,test
C:\workstation\3RD YEAR\citrus_fruit\Citrus-Diseases\gummosis\gummosis_298.jpg,gummosis,4284,5712,1536037,JPEG,ce9733ed888073cc,452,none,train
C:\workstation\3RD YEAR\citrus_fruit\Citrus-Diseases\gummosis\gummosis_299.jpg,gummosis,4284,5712,1528932,JPEG,cc9733e988c2f38c,453,none,train
C:\workstation\3RD YEAR\citrus_fruit\Citrus-Diseases\gummosis\gummosis_300.jpg,gummosis,4284,5712,1549929,JPEG,cc9f36e988c2738c,453,near,train
C:\workstation\3RD YEAR\citrus_fruit\Citrus-Diseases\gummosis\gummosis_302.jpg,gummosis,4284,5712,1557523,JPEG,dc9f36c98842f38c,454,none,test
C:\workstation\3RD YEAR\citrus_fruit\Citrus-Diseases\gummosis\gummosis_304.jpg,gummosis,4284,5712,1558077,JPEG,cc9f36e98842f38c,453,near,train
C:\workstation\3RD YEAR\citrus_fruit\Citrus-Diseases\gummosis\gummosis_305.jpg,gummosis,4284,5712,1567886,JPEG,dc9e26e988c6768c,455,none,train
C:\workstation\3RD YEAR\citrus_fruit\Citrus-Diseases\gummosis\gummosis_306.jpg,gummosis,3024,4032,1461697,JPEG,dc9c26e988c6f68c,455,near,train
C:\workstation\3RD YEAR\citrus_fruit\Citrus-Diseases\gummosis\gummosis_307.jpg,gummosis,3024,4032,1463287,JPEG,dc9f266988c6768c,455,near,train
C:\workstation\3RD YEAR\citrus_fruit\Citrus-Diseases\gummosis\gummosis_309.jpg,gummosis,3024,4032,1456931,JPEG,de9f366908c2738c,456,none,val
C:\workstation\3RD YEAR\citrus_fruit\Citrus-Diseases\gummosis\gummosis_310.jpg,gummosis,3024,4032,1459951,JPEG,dc9f36c98842778c,454,near,test
C:\workstation\3RD YEAR\citrus_fruit\Citrus-Diseases\gummosis\gummosis_311.jpg,gummosis,3024,4032,1459760,JPEG,d89f36e988c2738c,454,near,test
C:\workstation\3RD YEAR\citrus_fruit\Citrus-Diseases\gummosis\gummosis_312.jpg,gummosis,3024,4032,1484073,JPEG,d89f26e998c2638d,457,none,train
C:\workstation\3RD YEAR\citrus_fruit\Citrus-Diseases\gummosis\gummosis_313.jpg,gummosis,3024,4032,1499398,JPEG,c99f36e898c2638d,457,near,train
C:\workstation\3RD YEAR\citrus_fruit\Citrus-Diseases\gummosis\gummosis_314.jpg,gummosis,3024,4032,1486734,JPEG,c99636e89dc2638b,458,none,train
C:\workstation\3RD YEAR\citrus_fruit\Citrus-Diseases\gummosis\gummosis_315.jpg,gummosis,3024,4032,1479186,JPEG,c98636e89dca638b,458,near,train
C:\workstation\3RD YEAR\citrus_fruit\Citrus-Diseases\gummosis\gummosis_316.jpg,gummosis,3024,4032,1474626,JPEG,c98236fc8dea618b,459,none,train
C:\workstation\3RD YEAR\citrus_fruit\Citrus-Diseases\gummosis\gummosis_317.jpg,gummosis,3024,4032,1465027,JPEG,c98232fc8dea718b,459,near,train
C:\workstation\3RD YEAR\citrus_fruit\Citrus-Diseases\gummosis\gummosis_318.jpg,gummosis,3024,4032,1485456,JPEG,c98236fc8dee6191,459,near,train
C:\workstation\3RD YEAR\citrus_fruit\Citrus-Diseases\gummosis\gummosis_319.jpg,gummosis,3024,4032,1492427,JPEG,c98226fc8dee6199,459,near,train
C:\workstation\3RD YEAR\citrus_fruit\Citrus-Diseases\gummosis\gummosis_320.jpg,gummosis,3024,4032,1455710,JPEG,c98a22bc8dee6999,460,none,train
C:\workstation\3RD YEAR\citrus_fruit\Citrus-Diseases\gummosis\gummosis_322.jpg,gummosis,3024,4032,1457330,JPEG,c98a23be88ee6999,460,near,train
C:\workstation\3RD YEAR\citrus_fruit\Citrus-Diseases\gummosis\gummosis_323.jpg,gummosis,4284,5712,1562939,JPEG,cd8a23af88ef2899,461,none,train
C:\workstation\3RD YEAR\citrus_fruit\Citrus-Diseases\gummosis\gummosis_324.jpg,gummosis,4284,5712,1528674,JPEG,cb931870c41f3de5,462,none,val
C:\workstation\3RD YEAR\citrus_fruit\Citrus-Diseases\gummosis\gummosis_325.jpg,gummosis,4284,5712,1473584,JPEG,cb921a70cc1f37e1,463,none,train
C:\workstation\3RD YEAR\citrus_fruit\Citrus-Diseases\gummosis\gummosis_326.jpg,gummosis,4284,5712,1487507,JPEG,cb931a70c41737e5,462,near,val
C:\workstation\3RD YEAR\citrus_fruit\Citrus-Diseases\gummosis\gummosis_327.jpg,gummosis,4284,5712,1508506,JPEG,c9939a7ac40337e5,464,none,train
C:\workstation\3RD YEAR\citrus_fruit\Citrus-Diseases\gummosis\gummosis_328.jpg,gummosis,4284,5712,1500330,JPEG,c9939a7ac40327f5,464,near,train
C:\workstation\3RD YEAR\citrus_fruit\Citrus-Diseases\gummosis\gummosis_329.jpg,gummosis,4284,5712,1488567,JPEG,c983865ad40727fd,465,none,train
C:\workstation\3RD YEAR\citrus_fruit\Citrus-Diseases\gummosis\gummosis_330.jpg,gummosis,4284,5712,1503799,JPEG,c982065ad427aff9,466,none,train
C:\workstation\3RD YEAR\citrus_fruit\Citrus-Diseases\gummosis\gummosis_331.jpg,gummosis,4284,5712,1525720,JPEG,c982067bd02f2ff1,467,none,train
C:\workstation\3RD YEAR\citrus_fruit\Citrus-Diseases\gummosis\gummosis_332.jpg,gummosis,4284,5712,1503595,JPEG,c98b865bd02726f5,468,none,val
C:\workstation\3RD YEAR\citrus_fruit\Citrus-Diseases\gummosis\gummosis_333.jpg,gummosis,4284,5712,1506571,JPEG,c98b835bc22327f5,469,none,train
C:\workstation\3RD YEAR\citrus_fruit\Citrus-Diseases\gummosis\gummosis_334.jpg,gummosis,3024,4032,1502831,JPEG,e889835bc623a7f4,470,none,train
C:\workstation\3RD YEAR\citrus_fruit\Citrus-Diseases\gummosis\gummosis_335.jpg,gummosis,3024,4032,1489988,JPEG,e8898f5e4623a5f4,471,none,val
C:\workstation\3RD YEAR\citrus_fruit\Citrus-Diseases\gummosis\gummosis_336.jpg,gummosis,3024,4032,1666375,JPEG,cd89ad7e46115ce4,472,none,train
C:\workstation\3RD YEAR\citrus_fruit\Citrus-Diseases\gummosis\gummosis_337.jpg,gummosis,3024,4032,1698107,JPEG,cd8929765635cce4,473,none,train
C:\workstation\3RD YEAR\citrus_fruit\Citrus-Diseases\gummosis\gummosis_338.jpg,gummosis,3024,4032,1830979,JPEG,cf832876143fcce4,474,none,train
C:\workstation\3RD YEAR\citrus_fruit\Citrus-Diseases\gummosis\gummosis_339.jpg,gummosis,3024,4032,1554135,JPEG,da921274153ff9c8,475,none,train
C:\workstation\3RD YEAR\citrus_fruit\Citrus-Diseases\gummosis\gummosis_340.jpg,gummosis,3024,4032,1571519,JPEG,da921bf4153f99c0,476,none,train
C:\workstation\3RD YEAR\citrus_fruit\Citrus-Diseases\gummosis\gummosis_341.jpg,gummosis,3024,4032,1483800,JPEG,da9213f5153f39c0,476,near,train
C:\workstation\3RD YEAR\citrus_fruit\Citrus-Diseases\gummosis\gummosis_342.jpg,gummosis,3024,4032,1502921,JPEG,d09613e50d7f31cc,477,none,train
C:\workstation\3RD YEAR\citrus_fruit\Citrus-Diseases\gummosis\gummosis_343.jpg,gummosis,3024,4032,1472195,JPEG,d0961be5077d98c6,478,none,train
C:\workstation\3RD YEAR\citrus_fruit\Citrus-Diseases\gummosis\gummosis_344.jpg,gummosis,3024,4032,1402561,JPEG,d4841bed0fb1b28e,479,none,train
C:\workstation\3RD YEAR\citrus_fruit\Citrus-Diseases\gummosis\gummosis_345.jpg,gummosis,3024,4032,1340424,JPEG,d58539cc3e31b08f,480,none,train
C:\workstation\3RD YEAR\citrus_fruit\Citrus-Diseases\gummosis\gummosis_346.jpg,gummosis,3024,4032,1358070,JPEG,d58532c83e31b19f,481,none,train
C:\workstation\3RD YEAR\citrus_fruit\Citrus-Diseases\gummosis\gummosis_347.jpg,gummosis,3024,4032,1325890,JPEG,d58139cc3eb1229f,482,none,train
C:\workstation\3RD YEAR\citrus_fruit\Citrus-Diseases\gummosis\gummosis_348.jpg,gummosis,3024,4032,1405633,JPEG,d58133c80eb3339f,483,none,train
C:\workstation\3RD YEAR\citrus_fruit\Citrus-Diseases\gummosis\gummosis_349.jpg,gummosis,3024,4032,1393990,JPEG,d08417ed0dbf358a,484,none,val
C:\workstation\3RD YEAR\citrus_fruit\Citrus-Diseases\gummosis\gummosis_350.jpg,gummosis,3024,4032,1381761,JPEG,d89613e505be3789,485,none,test
C:\workstation\3RD YEAR\citrus_fruit\Citrus-Diseases\gummosis\gummosis_351.jpg,gummosis,3024,4032,1419981,JPEG,da9612e105bf3789,485,near,test
C:\workstation\3RD YEAR\citrus_fruit\Citrus-Diseases\gummosis\gummosis_352.jpg,gummosis,3024,4032,1338153,JPEG,c59931ca1ca27f9a,486,none,train
C:\workstation\3RD YEAR\citrus_fruit\Citrus-Diseases\gummosis\gummosis_353.jpg,gummosis,3024,4032,1247779,JPEG,d59131ca1ca33f9a,486,near,train
C:\workstation\3RD YEAR\citrus_fruit\Citrus-Diseases\gummosis\gummosis_354.jpg,gummosis,3024,4032,1292846,JPEG,d59131cb1ca3379a,487,none,train
C:\workstation\3RD YEAR\citrus_fruit\Citrus-Diseases\gummosis\gummosis_356.jpg,gummosis,3024,4032,1361303,JPEG,d59131ca1ce3379a,487,near,train
C:\workstation\3RD YEAR\citrus_fruit\Citrus-Diseases\gummosis\gummosis_357.jpg,gummosis,3024,4032,1359790,JPEG,d58536c81ca3379b,488,none,train
C:\workstation\3RD YEAR\citrus_fruit\Citrus-Diseases\gummosis\gummosis_358.jpg,gummosis,3024,4032,1390176,JPEG,d58536c91cb0379b,488,near,train
C:\workstation\3RD YEAR\citrus_fruit\Citrus-Diseases\gummosis\gummosis_359.jpg,gummosis,3024,4032,1392826,JPEG,d48536cd1eb1338b,489,none,train
C:\workstation\3RD YEAR\citrus_fruit\Citrus-Diseases\gummosis\gummosis_360.jpg,gummosis,3024,4032,1414708,JPEG,d48436cd1eb1339b,489,near,train
C:\workstation\3RD YEAR\citrus_fruit\Citrus-Diseases\gummosis\gummosis_361.jpg,gummosis,3024,4032,1464459,JPEG,d08437c51ff1338b,490,none,train
C:\workstation\3RD YEAR\citrus_fruit\Citrus-Diseases\gummosis\gummosis_362.jpg,gummosis,3024,4032,1541977,JPEG,d0841fe51ff1318b,490,near,train
C:\workstation\3RD YEAR\citrus_fruit\Citrus-Diseases\gummosis\gummosis_364.jpg,gummosis,3024,4032,1744274,JPEG,d0863fe51df0318b,491,none,train
C:\workstation\3RD YEAR\citrus_fruit\Citrus-Diseases\gummosis\gummosis_365.jpg,gummosis,3024,4032,1916573,JPEG,d0863fe41df02ace,492,none,test
C:\workstation\3RD YEAR\citrus_fruit\Citrus-Diseases\gummosis\gummosis_366.jpg,gummosis,3024,4032,1597712,JPEG,c09473c794ca9b6b,493,none,train
C:\workstation\3RD YEAR\citrus_fruit\Citrus-Diseases\gummosis\gummosis_367.jpg,gummosis,3024,4032,1451481,JPEG,c09663cdb9638b6a,494,none,train
C:\workstation\3RD YEAR\citrus_fruit\Citrus-Diseases\gummosis\gummosis_368.jpg,gummosis,3024,4032,1447570,JPEG,d08a73cddce78328,495,none,train
C:\workstation\3RD YEAR\citrus_fruit\Citrus-Diseases\gummosis\gummosis_369.jpg,gummosis,3024,4032,1524009,JPEG,d28273cd9c66c32b,496,none,train
C:\workstation\3RD YEAR\citrus_fruit\Citrus-Diseases\gummosis\gummosis_370.jpg,gummosis,3024,4032,1470528,JPEG,da8232459d6ee32d,497,none,train
C:\workstation\3RD YEAR\citrus_fruit\Citrus-Diseases\gummosis\gummosis_371.jpg,gummosis,3024,4032,1483426,JPEG,da8232459c7fe12d,497,near,train
C:\workstation\3RD YEAR\citrus_fruit\Citrus-Diseases\gummosis\gummosis_372.jpg,gummosis,3024,4032,1535580,JPEG,da8232459d7ee12d,497,near,train
C:\workstation\3RD YEAR\citrus_fruit\Citrus-Diseases\gummosis\gummosis_373.jpg,gummosis,3024,4032,1593173,JPEG,da8232459c7ee32d,497,near,train
C:\workstation\3RD YEAR\citrus_fruit\Citrus-Diseases\gummosis\gummosis_374.jpg,gummosis,3024,4032,1558546,JPEG,da8233659e71e32c,498,none,train
C:\workstation\3RD YEAR\citrus_fruit\Citrus-Diseases\gummosis\gummosis_375.jpg,gummosis,3024,4032,1554363,JPEG,d28233cd9c73c32d,499,none,train
C:\workstation\3RD YEAR\citrus_fruit\Citrus-Diseases\gummosis\gummosis_376.jpg,gummosis,3024,4032,1543667,JPEG,d09437e59c7103eb,500,none,train
C:\workstation\3RD YEAR\citrus_fruit\Citrus-Diseases\gummosis\gummosis_377.jpg,gummosis,3024,4032,1411724,JPEG,d09431ccbc63cfcc,501,none,train
C:\workstation\3RD YEAR\citrus_fruit\Citrus-Diseases\gummosis\gummosis_378.jpg,gummosis,3024,4032,1445787,JPEG,d09431ccbc629fcd,501,near,train
C:\workstation\3RD YEAR\citrus_fruit\Citrus-Diseases\gummosis\gummosis_379.jpg,gummosis,4284,5712,1416346,JPEG,cc8c369379735958,502,none,train
C:\workstation\3RD YEAR\citrus_fruit\Citrus-Diseases\gummosis\gummosis_380.jpg,gummosis,4284,5712,1409295,JPEG,cc8c36937973515a,502,near,train
C:\workstation\3RD YEAR\citrus_fruit\Citrus-Diseases\gummosis\gummosis_382.jpg,gummosis,3024,4032,1202969,JPEG,cc8e369379725958,502,near,train
C:\workstation\3RD YEAR\citrus_fruit\Citrus-Diseases\gummosis\gummosis_383.jpg,gummosis,3024,4032,1210415,JPEG,cc8c26b3d9731353,503,none,val
C:\workstation\3RD YEAR\citrus_fruit\Citrus-Diseases\gummosis\gummosis_384.jpg,gummosis,3024,4032,1193754,JPEG,cc0c26b3f9731353,503,near,val
C:\workstation\3RD YEAR\citrus_fruit\Citrus-Diseases\gummosis\gummosis_385.jpg,gummosis,3024,4032,1198082,JPEG,c80c26b37b771353,504,none,test
C:\workstation\3RD YEAR\citrus_fruit\Citrus-Diseases\gummosis\gummosis_386.jpg,gummosis,3024,4032,1201826,JPEG,cc0c36b179735353,505,none,train
C:\workstation\3RD YEAR\citrus_fruit\Citrus-Diseases\gummosis\gummosis_387.jpg,gummosis,3024,4032,1198398,JPEG,cc0c26a3f9f49353,506,none,train
C:\workstation\3RD YEAR\citrus_fruit\Citrus-Diseases\gummosis\gummosis_388.jpg,gummosis,3024,4032,1187292,JPEG,cc8c2683f9f49355,506,near,train
C:\workstation\3RD YEAR\citrus_fruit\Citrus-Diseases\gummosis\gummosis_389.jpg,gummosis,4284,5712,1461930,JPEG,cc0e37db7371190c,507,none,test
C:\workstation\3RD YEAR\citrus_fruit\Citrus-Diseases\gummosis\gummosis_390.jpg,gummosis,4284,5712,1454290,JPEG,cc0c37db7371194c,507,near,test
C:\workstation\3RD YEAR\citrus_fruit\Citrus-Diseases\gummosis\gummosis_391.jpg,gummosis,3024,4032,1215030,JPEG,cc0e33db73711945,507,near,test
C:\workstation\3RD YEAR\citrus_fruit\Citrus-Diseases\gummosis\gummosis_392.jpg,gummosis,3024,4032,1200037,JPEG,cc0e37db73311945,507,near,test
C:\workstation\3RD YEAR\citrus_fruit\Citrus-Diseases\gummosis\gummosis_393.jpg,gummosis,3024,4032,1200336,JPEG,ce0e33db73311945,508,none,train
C:\workstation\3RD YEAR\citrus_fruit\Citrus-Diseases\gummosis\gummosis_394.jpg,gummosis,5712,4284,1367885,JPEG,9d2f2644c8d43de6,509,none,test
C:\workstation\3RD YEAR\citrus_fruit\Citrus-Diseases\gummosis\gummosis_395.jpg,gummosis,5712,4284,1370226,JPEG,9d2f2644c8c43dee,509,near,test
C:\workstation\3RD YEAR\citrus_fruit\Citrus-Diseases\gummosis\gummosis_396.jpg,gummosis,4032,3024,1282640,JPEG,9d2b26ccc8c42dee,510,none,train
C:\workstation\3RD YEAR\citrus_fruit\Citrus-Diseases\gummosis\gummosis_397.jpg,gummosis,4032,3024,1305917,JPEG,9d2b2644c8d43dee,509,near,test
C:\workstation\3RD YEAR\citrus_fruit\Citrus-Diseases\gummosis\gummosis_398.jpg,gummosis,4032,3024,1285581,JPEG,992b2644c8d43dfe,509,near,test
C:\workstation\3RD YEAR\citrus_fruit\Citrus-Diseases\gummosis\gummosis_399.jpg,gummosis,4032,3024,1288558,JPEG,9b0b2640d0d4bdef,511,none,test
C:\workstation\3RD YEAR\citrus_fruit\Citrus-Diseases\gummosis\gummosis_400.jpg,gummosis,4284,5712,1517148,JPEG,9e3037dd4f203317,512,none,test
C:\workstation\3RD YEAR\citrus_fruit\Citrus-Diseases\gummosis\gummosis_402.jpg,gummosis,3024,4032,1274409,JPEG,9a3037dd4f2c3316,512,near,test
C:\workstation\3RD YEAR\citrus_fruit\Citrus-Diseases\gummosis\gummosis_403.jpg,gummosis,4284,5712,1632651,JPEG,fccd62e3d870604b,513,none,train
C:\workstation\3RD YEAR\citrus_fruit\Citrus-Diseases\gummosis\gummosis_404.jpg,gummosis,4284,5712,1620002,JPEG,fc4d73e3d8786042,514,none,train
C:\workstation\3RD YEAR\citrus_fruit\Citrus-Diseases\gummosis\gummosis_405.jpg,gummosis,3024,4032,1582382,JPEG,fc4d6267d878604b,513,near,train
C:\workstation\3RD YEAR\citrus_fruit\Citrus-Diseases\gummosis\gummosis_406.jpg,gummosis,3024,4032,1575138,JPEG,f94d6666d870614b,515,none,train
C:\workstation\3RD YEAR\citrus_fruit\Citrus-Diseases\gummosis\gummosis_407.jpg,gummosis,3024,4032,1577953,JPEG,fc4563e3d878604b,513,near,train
C:\workstation\3RD YEAR\citrus_fruit\Citrus-Diseases\gummosis\gummosis_408.jpg,gummosis,3024,4032,1601336,JPEG,f94566e2f262631a,516,none,test
C:\workstation\3RD YEAR\citrus_fruit\Citrus-Diseases\gummosis\gummosis_409.jpg,gummosis,3024,4032,1615935,JPEG,f94762eaf062391c,517,none,train
C:\workstation\3RD YEAR\citrus_fruit\Citrus-Diseases\gummosis\gummosis_410.jpg,gummosis,3024,4032,1609545,JPEG,f94566e2f062695c,518,none,val
C:\workstation\3RD YEAR\citrus_fruit\Citrus-Diseases\gummosis\gummosis_411.jpg,gummosis,3024,4032,1608936,JPEG,f94566c2da62615b,519,none,train
C:\workstation\3RD YEAR\citrus_fruit\Citrus-Diseases\gummosis\gummosis_412.jpg,gummosis,3024,4032,1597331,JPEG,f94566c6de626143,519,near,train
C:\workstation\3RD YEAR\citrus_fruit\Citrus-Diseases\gummosis\gummosis_413.jpg,gummosis,3024,4032,1332135,JPEG,fcc472638e72f0c1,520,none,train
C:\workstation\3RD YEAR\citrus_fruit\Citrus-Diseases\gummosis\gummosis_414.jpg,gummosis,4284,5712,1522534,JPEG,bcc163f48c5a50eb,521,none,train
C:\workstation\3RD YEAR\citrus_fruit\Citrus-Diseases\gummosis\gummosis_415.jpg,gummosis,4284,5712,1536963,JPEG,b9d963778c1c10da,522,none,train
C:\workstation\3RD YEAR\citrus_fruit\Citrus-Diseases\gummosis\gummosis_416.jpg,gummosis,4284,5712,1568454,JPEG,bdc163f48c1e52ca,523,none,train
C:\workstation\3RD YEAR\citrus_fruit\Citrus-Diseases\gummosis\gummosis_417.jpg,gummosis,3024,4032,1576788,JPEG,bdc173d49c3a42ca,524,none,train
C:\workstation\3RD YEAR\citrus_fruit\Citrus-Diseases\gummosis\gummosis_418.jpg,gummosis,3024,4032,1366528,JPEG,b9c16adc9d3246ca,525,none,test
C:\workstation\3RD YEAR\citrus_fruit\Citrus-Diseases\gummosis\gummosis_419.jpg,gummosis,3024,4032,1590716,JPEG,bbd14bf41d1c12ca,526,none,train
C:\workstation\3RD YEAR\citrus_fruit\Citrus-Diseases\gummosis\gummosis_420.jpg,gummosis,4284,5712,3324262,JPEG,817e7ee8a8e3061d,527,none,train
C:\workstation\3RD YEAR\citrus_fruit\Citrus-Diseases\gummosis\gummosis_421.jpg,gummosis,4284,5712,3350334,JPEG,807e3eeca8b3071d,528,none,train
C:\workstation\3RD YEAR\citrus_fruit\Citrus-Diseases\gummosis\gummosis_422.jpg,gummosis,3024,4032,2540097,JPEG,815e3f68a8f3069d,529,none,val
C:\workstation\3RD YEAR\citrus_fruit\Citrus-Diseases\gummosis\gummosis_423.jpg,gummosis,3024,4032,2555705,JPEG,805e3f68a8f8e68d,530,none,train
C:\workstation\3RD YEAR\citrus_fruit\Citrus-Diseases\gummosis\gummosis_424.jpg,gummosis,3024,4032,2525926,JPEG,815f1f68a8f8e38c,531,none,train
C:\workstation\3RD YEAR\citrus_fruit\Citrus-Diseases\gummosis\gummosis_425.jpg,gummosis,3024,4032,2516246,JPEG,815f7668e8f8e28c,532,none,train
C:\workstation\3RD YEAR\citrus_fruit\Citrus-Diseases\gummosis\gummosis_426.jpg,gummosis,3024,4032,2521870,JPEG,815f7468e8f1e68c,532,near,train
C:\workstation\3RD YEAR\citrus_fruit\Citrus-Diseases\gummosis\gummosis_428.jpg,gummosis,3024,4032,2500512,JPEG,817f7468e8f1e688,533,none,train
C:\workstation\3RD YEAR\citrus_fruit\Citrus-Diseases\gummosis\gummosis_429.jpg,gummosis,3024,4032,2521987,JPEG,811f7468e9f1e68c,533,near,train
C:\workstation\3RD YEAR\citrus_fruit\Citrus-Diseases\gummosis\gummosis_430.jpg,gummosis,3024,4032,2535574,JPEG,811f7468e8f1e78c,533,near,train
C:\workstation\3RD YEAR\citrus_fruit\Citrus-Diseases\gummosis\gummosis_431.jpg,gummosis,3024,4032,2549986,JPEG,801f7a69a8f1e38e,534,none,train
C:\workstation\3RD YEAR\citrus_fruit\Citrus-Diseases\gummosis\gummosis_432.jpg,gummosis,3024,4032,2512555,JPEG,81377068e1f3e78c,535,none,val
C:\workstation\3RD YEAR\citrus_fruit\Citrus-Diseases\gummosis\gummosis_433.jpg,gummosis,3024,4032,2518448,JPEG,80177269e0f7e78c,536,none,train
C:\workstation\3RD YEAR\citrus_fruit\Citrus-Diseases\gummosis\gummosis_434.jpg,gummosis,3024,4032,2513394,JPEG,8017726be0f7e68c,536,near,train
C:\workstation\3RD YEAR\citrus_fruit\Citrus-Diseases\gummosis\gummosis_435.jpg,gummosis,3024,4032,2519271,JPEG,8017766aa0f7e78c,536,near,train
C:\workstation\3RD YEAR\citrus_fruit\Citrus-Diseases\gummosis\gummosis_436.jpg,gummosis,3024,4032,2537792,JPEG,80177e68a0f3e78e,537,none,val
C:\workstation\3RD YEAR\citrus_fruit\Citrus-Diseases\gummosis\gummosis_437.jpg,gummosis,3024,4032,2534502,JPEG,80177a68a0f7e78e,536,near,train
C:\workstation\3RD YEAR\citrus_fruit\Citrus-Diseases\gummosis\gummosis_438.jpg,gummosis,3024,4032,2539862,JPEG,80177e2aa0f7e78c,537,near,val
C:\workstation\3RD YEAR\citrus_fruit\Citrus-Diseases\gummosis\gummosis_439.jpg,gummosis,3024,4032,2539320,JPEG,80177e2aa0d7e78e,537,near,val
C:\workstation\3RD YEAR\citrus_fruit\Citrus-Diseases\gummosis\gummosis_440.jpg,gummosis,3024,4032,2563643,JPEG,80177e2aa1d7e38e,538,none,train
C:\workstation\3RD YEAR\citrus_fruit\Citrus-Diseases\gummosis\gummosis_441.jpg,gummosis,3024,4032,2562645,JPEG,801f7e2aa0d7e38e,538,near,train
C:\workstation\3RD YEAR\citrus_fruit\Citrus-Diseases\gummosis\gummosis_442.jpg,gummosis,3024,4032,2534884,JPEG,80377c2a81d7e78e,538,near,train
C:\workstation\3RD YEAR\citrus_fruit\Citrus-Diseases\gummosis\gummosis_443.jpg,gummosis,3024,4032,2526238,JPEG,80377c28c1c7e7ce,539,none,train
C:\workstation\3RD YEAR\citrus_fruit\Citrus-Diseases\gummosis\gummosis_444.jpg,gummosis,3024,4032,2528477,JPEG,85357c20c3c7e7cc,540,none,train
C:\workstation\3RD YEAR\citrus_fruit\Citrus-Diseases\gummosis\gummosis_445.jpg,gummosis,3024,4032,2517804,JPEG,8d357c20c3c7eec8,540,near,train
C:\workstation\3RD YEAR\citrus_fruit\Citrus-Diseases\gummosis\gummosis_446.jpg,gummosis,3024,4032,2511751,JPEG,8b317062c3cfced8,541,none,test
C:\workstation\3RD YEAR\citrus_fruit\Citrus-Diseases\gummosis\gummosis_447.jpg,gummosis,3024,4032,2527395,JPEG,8b337062c38fecd8,541,near,test
C:\workstation\3RD YEAR\citrus_fruit\Citrus-Diseases\gummosis\gummosis_448.jpg,gummosis,3024,4032,2549234,JPEG,89317860c1cfeeda,542,none,train
C:\workstation\3RD YEAR\citrus_fruit\Citrus-Diseases\gummosis\gummosis_449.jpg,gummosis,3024,4032,2537327,JPEG,8d317c20c1cfeed8,542,near,train
C:\workstation\3RD YEAR\citrus_fruit\Citrus-Diseases\gummosis\gummosis_450.jpg,gummosis,3024,4032,2515355,JPEG,8f337e62c08fc8d8,543,none,train
C:\workstation\3RD YEAR\citrus_fruit\Citrus-Diseases\gummosis\gummosis_451.jpg,gummosis,3024,4032,2462140,JPEG,8f327ec3909cd8d1,544,none,test
C:\workstation\3RD YEAR\citrus_fruit\Citrus-Diseases\gummosis\gummosis_452.jpg,gummosis,3024,4032,2506691,JPEG,8f3276ebd08cd8d0,545,none,train
C:\workstation\3RD YEAR\citrus_fruit\Citrus-Diseases\gummosis\gummosis_453.jpg,gummosis,3024,4032,2304262,JPEG,d52a64e58a961abb,546,none,train
C:\workstation\3RD YEAR\citrus_fruit\Citrus-Diseases\gummosis\gummosis_454.jpg,gummosis,3024,4032,2680652,JPEG,d52962e58a961a5f,547,none,train
C:\workstation\3RD YEAR\citrus_fruit\Citrus-Diseases\gummosis\gummosis_455.jpg,gummosis,3024,4032,2694513,JPEG,d52972e58a9a1a5d,547,near,train
C:\workstation\3RD YEAR\citrus_fruit\Citrus-Diseases\gummosis\gummosis_456.jpg,gummosis,3024,4032,2691615,JPEG,d52972e58b9a1a1b,548,none,val
C:\workstation\3RD YEAR\citrus_fruit\Citrus-Diseases\gummosis\gummosis_457.jpg,gummosis,3024,4032,2673897,JPEG,d22c7af4dd8a0b0d,549,none,train
C:\workstation\3RD YEAR\citrus_fruit\Citrus-Diseases\gummosis\gummosis_458.jpg,gummosis,3024,4032,2646957,JPEG,d42c7a75f9901a99,550,none,train
C:\workstation\3RD YEAR\citrus_fruit\Citrus-Diseases\gummosis\gummosis_459.jpg,gummosis,3024,4032,2580479,JPEG,d42b7a74fd951288,551,none,train
C:\workstation\3RD YEAR\citrus_fruit\Citrus-Diseases\gummosis\gummosis_460.jpg,gummosis,4284,5712,3159508,JPEG,8c603f4e682f27b6,552,none,train
C:\workstation\3RD YEAR\citrus_fruit\Citrus-Diseases\gummosis\gummosis_461.jpg,gummosis,4284,5712,2946219,JPEG,8c613f487827a5af,553,none,train
C:\workstation\3RD YEAR\citrus_fruit\Citrus-Diseases\gummosis\gummosis_462.jpg,gummosis,3024,4032,2360442,JPEG,88603f4c782f25bf,554,none,train
C:\workstation\3RD YEAR\citrus_fruit\Citrus-Diseases\healthy\healthy_001.jpg,healthy,4284,5712,1365618,JPEG,99a0663d768332f3,555,none,train
C:\workstation\3RD YEAR\citrus_fruit\Citrus-Diseases\healthy\healthy_002.jpg,healthy,4284,5712,1357101,JPEG,99e0663d748332f3,555,near,train
C:\workstation\3RD YEAR\citrus_fruit\Citrus-Diseases\healthy\healthy_003.jpg,healthy,4284,5712,1372708,JPEG,89e0663ef28330fb,556,none,train
C:\workstation\3RD YEAR\citrus_fruit\Citrus-Diseases\healthy\healthy_004.jpg,healthy,4284,5712,1402270,JPEG,89e0661ef383b2f1,557,none,val
C:\workstation\3RD YEAR\citrus_fruit\Citrus-Diseases\healthy\healthy_005.jpg,healthy,4284,5712,1388566,JPEG,99e0661df28332f3,555,near,train
C:\workstation\3RD YEAR\citrus_fruit\Citrus-Diseases\healthy\healthy_006.jpg,healthy,4284,5712,1335358,JPEG,99e0661ef283b0f9,556,near,train
C:\workstation\3RD YEAR\citrus_fruit\Citrus-Diseases\healthy\healthy_007.jpg,healthy,4284,5712,1303811,JPEG,89e0671ef281b8f9,558,none,test
C:\workstation\3RD YEAR\citrus_fruit\Citrus-Diseases\healthy\healthy_008.jpg,healthy,4284,5712,1278725,JPEG,8de0770ef281b8b9,558,near,test
C:\workstation\3RD YEAR\citrus_fruit\Citrus-Diseases\healthy\healthy_009.jpg,healthy,4284,5712,1271219,JPEG,99a0671ef281b8f9,558,near,test
C:\workstation\3RD YEAR\citrus_fruit\Citrus-Diseases\healthy\healthy_011.jpg,healthy,4284,5712,1252222,JPEG,99a0671ef081b8fd,558,near,test
C:\workstation\3RD YEAR\citrus_fruit\Citrus-Diseases\healthy\healthy_013.jpg,healthy,4284,5712,1272116,JPEG,99a0671ff081b8bd,559,none,train
C:\workstation\3RD YEAR\citrus_fruit\Citrus-Diseases\healthy\healthy_014.jpg,healthy,4284,5712,1269090,JPEG,99a0671ef0d1b8bc,559,near,train
C:\workstation\3RD YEAR\citrus_fruit\Citrus-Diseases\healthy\healthy_015.jpg,healthy,3024,4032,1228679,JPEG,99a0671cf0d1b99d,560,none,train
C:\workstation\3RD YEAR\citrus_fruit\Citrus-Diseases\healthy\healthy_016.jpg,healthy,3024,4032,1217184,JPEG,99a0271df0d1b99d,560,near,train
C:\workstation\3RD YEAR\citrus_fruit\Citrus-Diseases\healthy\healthy_017.jpg,healthy,3024,4032,1220220,JPEG,99a0271ff0d1b99c,560,near,train
C:\workstation\3RD YEAR\citrus_fruit\Citrus-Diseases\healthy\healthy_018.jpg,healthy,3024,4032,1215056,JPEG,99a0271fd091b9bd,559,near,train
C:\workstation\3RD YEAR\citrus_fruit\Citrus-Diseases\healthy\healthy_019.jpg,healthy,3024,4032,1220027,JPEG,99a0671fd081b9bd,559,near,train
C:\workstation\3RD YEAR\citrus_fruit\Citrus-Diseases\healthy\healthy_020.jpg,healthy,3024,4032,1227228,JPEG,99a0679fd081b8bd,559,near,train
C:\workstation\3RD YEAR\citrus_fruit\Citrus-Diseases\healthy\healthy_021.jpg,healthy,3024,4032,1251534,JPEG,b1a0671ed083b8fd,561,none,train
C:\workstation\3RD YEAR\citrus_fruit\Citrus-Diseases\healthy\healthy_022.jpg,healthy,3024,4032,1240665,JPEG,b9a0663ed283b0fc,562,none,test
C:\workstation\3RD YEAR\citrus_fruit\Citrus-Diseases\healthy\healthy_023.jpg,healthy,3024,4032,1210352,JPEG,b9a0763ec29330fc,562,near,test
C:\workstation\3RD YEAR\citrus_fruit\Citrus-Diseases\healthy\healthy_024.jpg,healthy,3024,4032,1215157,JPEG,b9a0763cd283b0fc,562,near,test
C:\workstation\3RD YEAR\citrus_fruit\Citrus-Diseases\healthy\healthy_025.jpg,healthy,3024,4032,1229021,JPEG,b9a07e3cd283b0f8,562,near,test
C:\workstation\3RD YEAR\citrus_fruit\Citrus-Diseases\healthy\healthy_026.jpg,healthy,3024,4032,1233831,JPEG,b9a06e3cd283f0f8,562,near,test
C:\workstation\3RD YEAR\citrus_fruit\Citrus-Diseases\healthy\healthy_028.jpg,healthy,3024,4032,1252950,JPEG,b9a06e3cf282f0f8,563,none,val
C:\workstation\3RD YEAR\citrus_fruit\Citrus-Diseases\healthy\healthy_029.jpg,healthy,3024,4032,1257811,JPEG,99e06e3cf282f0f8,563,near,val
C:\workstation\3RD YEAR\citrus_fruit\Citrus-Diseases\healthy\healthy_030.jpg,healthy,3024,4032,1269967,JPEG,99e0663cf292f0f8,563,near,val
C:\workstation\3RD YEAR\citrus_fruit\Citrus-Diseases\healthy\healthy_031.jpg,healthy,3024,4032,1273019,JPEG,89e0663cf292f8f8,564,none,train
C:\workstation\3RD YEAR\citrus_fruit\Citrus-Diseases\healthy\healthy_033.jpg,healthy,4284,5712,1459074,JPEG,9ba2653f13d301b9,565,none,train
C:\workstation\3RD YEAR\citrus_fruit\Citrus-Diseases\healthy\healthy_034.jpg,healthy,4284,5712,1495513,JPEG,8de067bf02d303f1,566,none,train
C:\workstation\3RD YEAR\citrus_fruit\Citrus-Diseases\healthy\healthy_035.jpg,healthy,4284,5712,1470890,JPEG,89e267be12d303f1,566,near,train
C:\workstation\3RD YEAR\citrus_fruit\Citrus-Diseases\healthy\healthy_036.jpg,healthy,4284,5712,1477785,JPEG,8de067be12d303f1,566,near,train
C:\workstation\3RD YEAR\citrus_fruit\Citrus-Diseases\healthy\healthy_037.jpg,healthy,4284,5712,1486943,JPEG,89e766bc12d303f1,567,none,val
C:\workstation\3RD YEAR\citrus_fruit\Citrus-Diseases\healthy\healthy_038.jpg,healthy,4284,5712,1508221,JPEG,89e366bc12d303f9,567,near,val
C:\workstation\3RD YEAR\citrus_fruit\Citrus-Diseases\healthy\healthy_039.jpg,healthy,4284,5712,1504522,JPEG,89e666bc92d303f8,567,near,val
C:\workstation\3RD YEAR\citrus_fruit\Citrus-Diseases\healthy\healthy_040.jpg,healthy,4284,5712,1510287,JPEG,8de066be12d312f9,568,none,train
C:\workstation\3RD YEAR\citrus_fruit\Citrus-Diseases\healthy\healthy_041.jpg,healthy,4284,5712,1509591,JPEG,8de067be12d302f9,566,near,train
C:\workstation\3RD YEAR\citrus_fruit\Citrus-Diseases\healthy\healthy_042.jpg,healthy,4284,5712,1505162,JPEG,8de067be12d312f8,568,near,train
C:\workstation\3RD YEAR\citrus_fruit\Citrus-Diseases\healthy\healthy_044.jpg,healthy,4284,5712,1485632,JPEG,8de077be12d302f8,568,near,train
C:\workstation\3RD YEAR\citrus_fruit\Citrus-Diseases\healthy\healthy_046.jpg,healthy,4284,5712,1454371,JPEG,aca077bf10d108fd,569,none,test
C:\workstation\3RD YEAR\citrus_fruit\Citrus-Diseases\healthy\healthy_047.jpg,healthy,4284,5712,1460056,JPEG,aca0739f58d908fc,570,none,val
C:\workstation\3RD YEAR\citrus_fruit\Citrus-Diseases\healthy\healthy_048.jpg,healthy,3024,4032,1433390,JPEG,bca0739f50d108fe,570,near,val
C:\workstation\3RD YEAR\citrus_fruit\Citrus-Diseases\healthy\healthy_049.jpg,healthy,3024,4032,1458103,JPEG,bda0739f10d108fe,571,none,train
C:\workstation\3RD YEAR\citrus_fruit\Citrus-Diseases\healthy\healthy_050.jpg,healthy,3024,4032,1480219,JPEG,99a1739f18d129bc,572,none,train
C:\workstation\3RD YEAR\citrus_fruit\Citrus-Diseases\healthy\healthy_051.jpg,healthy,3024,4032,1538168,JPEG,91a3669f91d129bc,573,none,val
C:\workstation\3RD YEAR\citrus_fruit\Citrus-Diseases\healthy\healthy_052.jpg,healthy,3024,4032,1492539,JPEG,91a3269fd1d129bc,573,near,val
C:\workstation\3RD YEAR\citrus_fruit\Citrus-Diseases\healthy\healthy_053.jpg,healthy,4284,5712,1569179,JPEG,91a376bd11d129bc,573,near,val
C:\workstation\3RD YEAR\citrus_fruit\Citrus-Diseases\healthy\healthy_054.jpg,healthy,4284,5712,1591366,JPEG,91a776bc11c12bf4,574,none,train
C:\workstation\3RD YEAR\citrus_fruit\Citrus-Diseases\healthy\healthy_055.jpg,healthy,4284,5712,1580558,JPEG,b0a776b811c12ff4,574,near,train
C:\workstation\3RD YEAR\citrus_fruit\Citrus-Diseases\healthy\healthy_056.jpg,healthy,3024,4032,1544148,JPEG,a1a676b813c33fb0,575,none,train
C:\workstation\3RD YEAR\citrus_fruit\Citrus-Diseases\healthy\healthy_057.jpg,healthy,3024,4032,1547640,JPEG,a1a674b893cb3cb4,576,none,train
C:\workstation\3RD YEAR\citrus_fruit\Citrus-Diseases\healthy\healthy_058.jpg,healthy,3024,4032,1541904,JPEG,a0a676b893cb3cb4,576,near,train
C:\workstation\3RD YEAR\citrus_fruit\Citrus-Diseases\healthy\healthy_059.jpg,healthy,3024,4032,1543318,JPEG,a1e674b8d3cb38e0,577,none,train
C:\workstation\3RD YEAR\citrus_fruit\Citrus-Diseases\healthy\healthy_061.jpg,healthy,3024,4032,1548175,JPEG,a9e674b8d3cb38a0,577,near,train
C:\workstation\3RD YEAR\citrus_fruit\Citrus-Diseases\healthy\healthy_062.jpg,healthy,3024,4032,1524152,JPEG,a9e676b8d3cb28a0,577,near,train
C:\workstation\3RD YEAR\citrus_fruit\Citrus-Diseases\healthy\healthy_063.jpg,healthy,3024,4032,1520119,JPEG,a9e6e4b8d7da20e0,578,none,train
C:\workstation\3RD YEAR\citrus_fruit\Citrus-Diseases\healthy\healthy_064.jpg,healthy,3024,4032,1514883,JPEG,a9e6e4b8d7d228e0,578,near,train
C:\workstation\3RD YEAR\citrus_fruit\Citrus-Diseases\healthy\healthy_067.jpg,healthy,3024,4032,1488058,JPEG,a9e6e4b8d7d320e0,578,near,train
C:\workstation\3RD YEAR\citrus_fruit\Citrus-Diseases\healthy\healthy_070.jpg,healthy,3024,4032,1463029,JPEG,ade4a6bcd3d320e0,579,none,train
C:\workstation\3RD YEAR\citrus_fruit\Citrus-Diseases\healthy\healthy_071.jpg,healthy,3024,4032,1460585,JPEG,ace4b2bcc3db24e0,580,none,train
C:\workstation\3RD YEAR\citrus_fruit\Citrus-Diseases\healthy\healthy_072.jpg,healthy,3024,4032,1497802,JPEG,ace6b6b8c3db08e0,581,none,train
C:\workstation\3RD YEAR\citrus_fruit\Citrus-Diseases\healthy\healthy_073.jpg,healthy,3024,4032,1535910,JPEG,ade6b6b893db08a0,581,near,train
C:\workstation\3RD YEAR\citrus_fruit\Citrus-Diseases\healthy\healthy_074.jpg,healthy,3024,4032,1516750,JPEG,a9e6f6b893db08a0,582,none,train
C:\workstation\3RD YEAR\citrus_fruit\Citrus-Diseases\healthy\healthy_075.jpg,healthy,3024,4032,1500929,JPEG,a8e636bc81cb0cfc,583,none,test
C:\workstation\3RD YEAR\citrus_fruit\Citrus-Diseases\healthy\healthy_076.jpg,healthy,3024,4032,1515334,JPEG,a8a637bc81c91cfc,583,near,test
C:\workstation\3RD YEAR\citrus_fruit\Citrus-Diseases\healthy\healthy_077.jpg,healthy,3024,4032,1511653,JPEG,a8a2379c91c93cfc,584,none,train
C:\workstation\3RD YEAR\citrus_fruit\Citrus-Diseases\healthy\healthy_078.jpg,healthy,3024,4032,1538053,JPEG,a4a2379ed1892cfc,585,none,train
C:\workstation\3RD YEAR\citrus_fruit\Citrus-Diseases\healthy\healthy_079.jpg,healthy,3024,4032,1514162,JPEG,bca3379e40892cf6,586,none,train
C:\workstation\3RD YEAR\citrus_fruit\Citrus-Diseases\healthy\healthy_080.jpg,healthy,3024,4032,1505768,JPEG,bca3339e40c92cf6,586,near,train
C:\workstation\3RD YEAR\citrus_fruit\Citrus-Diseases\healthy\healthy_081.jpg,healthy,3024,4032,1504752,JPEG,b4a3379e40c92cf6,586,near,train
C:\workstation\3RD YEAR\citrus_fruit\Citrus-Diseases\healthy\healthy_082.jpg,healthy,3024,4032,1500936,JPEG,bca2339f40852ef6,587,none,train
C:\workstation\3RD YEAR\citrus_fruit\Citrus-Diseases\healthy\healthy_083.jpg,healthy,3024,4032,1504387,JPEG,bca2339f40c52ed6,587,near,train
C:\workstation\3RD YEAR\citrus_fruit\Citrus-Diseases\healthy\healthy_084.jpg,healthy,3024,4032,1504636,JPEG,94a3339f50c12ef6,588,none,test
C:\workstation\3RD YEAR\citrus_fruit\Citrus-Diseases\healthy\healthy_085.jpg,healthy,3024,4032,1501990,JPEG,98a3369f50c42ef6,589,none,train
C:\workstation\3RD YEAR\citrus_fruit\Citrus-Diseases\healthy\healthy_086.jpg,healthy,3024,4032,1346726,JPEG,88cfe4b187d615e1,590,none,train
C:\workstation\3RD YEAR\citrus_fruit\Citrus-Diseases\healthy\healthy_087.jpg,healthy,3024,4032,1340164,JPEG,88ebe6b0c5d21de1,591,none,train
C:\workstation\3RD YEAR\citrus_fruit\Citrus-Diseases\healthy\healthy_088.jpg,healthy,3024,4032,1389966,JPEG,88e5e6b0c7d21fe0,592,none,train
C:\workstation\3RD YEAR\citrus_fruit\Citrus-Diseases\healthy\healthy_089.jpg,healthy,3024,4032,1398525,JPEG,ade5f6b8c7d200e0,593,none,train
C:\workstation\3RD YEAR\citrus_fruit\Citrus-Diseases\healthy\healthy_090.jpg,healthy,3024,4032,1419604,JPEG,ace677bc82d308e4,594,none,train
C:\workstation\3RD YEAR\citrus_fruit\Citrus-Diseases\healthy\healthy_091.jpg,healthy,3024,4032,1410473,JPEG,a8a6769c83d338f4,595,none,val
C:\workstation\3RD YEAR\citrus_fruit\Citrus-Diseases\healthy\healthy_092.jpg,healthy,3024,4032,1395446,JPEG,a8a2379e81cb2cfc,584,near,train
C:\workstation\3RD YEAR\citrus_fruit\Citrus-Diseases\healthy\healthy_093.jpg,healthy,3024,4032,1419339,JPEG,bca0339fc0c928bf,596,none,val
C:\workstation\3RD YEAR\citrus_fruit\Citrus-Diseases\healthy\healthy_094.jpg,healthy,3024,4032,1369606,JPEG,b9a0379fd0c928b6,597,none,train
C:\workstation\3RD YEAR\citrus_fruit\Citrus-Diseases\healthy\healthy_095.jpg,healthy,3024,4032,1345382,JPEG,b1a2379fd0c928b6,597,near,train
C:\workstation\3RD YEAR\citrus_fruit\Citrus-Diseases\healthy\healthy_096.jpg,healthy,3024,4032,1412631,JPEG,b8a3379cc1c92cb6,598,none,test
C:\workstation\3RD YEAR\citrus_fruit\Citrus-Diseases\healthy\healthy_097.jpg,healthy,3024,4032,1408870,JPEG,a9a6769883db3ca4,599,none,train
C:\workstation\3RD YEAR\citrus_fruit\Citrus-Diseases\healthy\healthy_098.jpg,healthy,3024,4032,1482017,JPEG,a8e776b883d338a4,600,none,train
C:\workstation\3RD YEAR\citrus_fruit\Citrus-Diseases\healthy\healthy_099.jpg,healthy,3024,4032,1487906,JPEG,a9e776b8c3d328a0,600,near,train
C:\workstation\3RD YEAR\citrus_fruit\Citrus-Diseases\healthy\healthy_100.jpg,healthy,3024,4032,1483031,JPEG,ade776b8c3d228a0,601,none,train
C:\workstation\3RD YEAR\citrus_fruit\Citrus-Diseases\healthy\healthy_101.jpg,healthy,3024,4032,1497896,JPEG,a8e7f6b8c7922ca0,602,none,train
C:\workstation\3RD YEAR\citrus_fruit\Citrus-Diseases\healthy\healthy_103.jpg,healthy,3024,4032,1488526,JPEG,a9e7b698c39828ec,603,none,train
C:\workstation\3RD YEAR\citrus_fruit\Citrus-Diseases\healthy\healthy_104.jpg,healthy,3024,4032,1328194,JPEG,9d82bf18c94d6e07,604,none,test
C:\workstation\3RD YEAR\citrus_fruit\Citrus-Diseases\healthy\healthy_105.jpg,healthy,3024,4032,1335291,JPEG,9d829f1cc94dee06,604,near,test
C:\workstation\3RD YEAR\citrus_fruit\Citrus-Diseases\healthy\healthy_106.jpg,healthy,3024,4032,1337001,JPEG,9da21f1cc96f6e02,605,none,test
C:\workstation\3RD YEAR\citrus_fruit\Citrus-Diseases\healthy\healthy_107.jpg,healthy,3024,4032,1307044,JPEG,9de01f1ccd2e4743,606,none,test
C:\workstation\3RD YEAR\citrus_fruit\Citrus-Diseases\healthy\healthy_108.jpg,healthy,3024,4032,1412440,JPEG,9ce11f1ccd2e4743,606,near,test
C:\workstation\3RD YEAR\citrus_fruit\Citrus-Diseases\healthy\healthy_109.jpg,healthy,3024,4032,1395630,JPEG,9da01f5ccd2e4743,606,near,test
C:\workstation\3RD YEAR\citrus_fruit\Citrus-Diseases\healthy\healthy_110.jpg,healthy,3024,4032,1385553,JPEG,99a01f5ccd2e6743,606,near,test
C:\workstation\3RD YEAR\citrus_fruit\Citrus-Diseases\healthy\healthy_111.jpg,healthy,3024,4032,1440139,JPEG,9be01f5ccd2f4702,607,none,test
C:\workstation\3RD YEAR\citrus_fruit\Citrus-Diseases\healthy\healthy_112.jpg,healthy,3024,4032,1399082,JPEG,9ba00f5ccd2f4762,607,near,test
C:\workstation\3RD YEAR\citrus_fruit\Citrus-Diseases\healthy\healthy_113.jpg,healthy,3024,4032,1376010,JPEG,99a00f5ecd276762,608,none,train
C:\workstation\3RD YEAR\citrus_fruit\Citrus-Diseases\healthy\healthy_114.jpg,healthy,3024,4032,1367682,JPEG,99a00f5eed276760,608,near,train
C:\workstation\3RD YEAR\citrus_fruit\Citrus-Diseases\healthy\healthy_115.jpg,healthy,3024,4032,1368101,JPEG,89a2074eef276761,609,none,test
C:\workstation\3RD YEAR\citrus_fruit\Citrus-Diseases\healthy\healthy_116.jpg,healthy,3024,4032,1391479,JPEG,99a00f4eed276761,608,near,train
C:\workstation\3RD YEAR\citrus_fruit\Citrus-Diseases\healthy\healthy_117.jpg,healthy,3024,4032,1411414,JPEG,99a00f5eed277720,608,near,train
C:\workstation\3RD YEAR\citrus_fruit\Citrus-Diseases\healthy\healthy_118.jpg,healthy,3024,4032,1389876,JPEG,9ba05f58e927f620,610,none,train
C:\workstation\3RD YEAR\citrus_fruit\Citrus-Diseases\healthy\healthy_119.jpg,healthy,3024,4032,1374578,JPEG,9b815f58c9277623,611,none,train
C:\workstation\3RD YEAR\citrus_fruit\Citrus-Diseases\healthy\healthy_120.jpg,healthy,3024,4032,1377896,JPEG,9b845f58e926f621,610,near,train
C:\workstation\3RD YEAR\citrus_fruit\Citrus-Diseases\healthy\healthy_121.jpg,healthy,3024,4032,1366062,JPEG,9ba21f5c6926f3a0,612,none,train
C:\workstation\3RD YEAR\citrus_fruit\Citrus-Diseases\healthy\healthy_122.jpg,healthy,3024,4032,1380429,JPEG,9ba21f5c6926f330,612,near,train
C:\workstation\3RD YEAR\citrus_fruit\Citrus-Diseases\healthy\healthy_123.jpg,healthy,3024,4032,1409836,JPEG,9be31f5c69265321,613,none,train
C:\workstation\3RD YEAR\citrus_fruit\Citrus-Diseases\healthy\healthy_124.jpg,healthy,3024,4032,1412233,JPEG,9be31f5c4126d3a1,613,near,train
C:\workstation\3RD YEAR\citrus_fruit\Citrus-Diseases\healthy\healthy_125.jpg,healthy,3024,4032,1394846,JPEG,9fe21f484926d7a1,614,none,val
C:\workstation\3RD YEAR\citrus_fruit\Citrus-Diseases\healthy\healthy_126.jpg,healthy,3024,4032,1410180,JPEG,9fe21f0cc92697a1,614,near,val
C:\workstation\3RD YEAR\citrus_fruit\Citrus-Diseases\healthy\healthy_127.jpg,healthy,3024,4032,1337983,JPEG,9f811f28c927b7a1,615,none,train
C:\workstation\3RD YEAR\citrus_fruit\Citrus-Diseases\healthy\healthy_129.jpg,healthy,3024,4032,1320686,JPEG,9fa11f28e927a3a1,615,near,train
C:\workstation\3RD YEAR\citrus_fruit\Citrus-Diseases\healthy\healthy_130.jpg,healthy,3024,4032,1306124,JPEG,89a90facec3793a1,616,none,train
C:\workstation\3RD YEAR\citrus_fruit\Citrus-Diseases\healthy\healthy_131.jpg,healthy,3024,4032,1300988,JPEG,88a10faced3793b4,617,none,val
C:\workstation\3RD YEAR\citrus_fruit\Citrus-Diseases\healthy\healthy_132.jpg,healthy,4284,5712,1946262,JPEG,e6717125a35e4b1c,618,none,val
C:\workstation\3RD YEAR\citrus_fruit\Citrus-Diseases\healthy\healthy_133.jpg,healthy,4284,5712,1948067,JPEG,e661712da35e4b1c,618,near,val
C:\workstation\3RD YEAR\citrus_fruit\Citrus-Diseases\healthy\healthy_134.jpg,healthy,4284,5712,1894854,JPEG,ec61732da35c4b1c,619,none,train
C:\workstation\3RD YEAR\citrus_fruit\Citrus-Diseases\healthy\healthy_135.jpg,healthy,3024,4032,1429315,JPEG,ec63732da2585b94,620,none,val
C:\workstation\3RD YEAR\citrus_fruit\Citrus-Diseases\healthy\healthy_136.jpg,healthy,3024,4032,1403366,JPEG,ec63732da2585b1c,619,near,train
C:\workstation\3RD YEAR\citrus_fruit\Citrus-Diseases\healthy\healthy_137.jpg,healthy,3024,4032,1420743,JPEG,ec61732da35c5a1c,619,near,train
C:\workstation\3RD YEAR\citrus_fruit\Citrus-Diseases\healthy\healthy_138.jpg,healthy,3024,4032,1432006,JPEG,ec61732da31e4b1c,619,near,train
C:\workstation\3RD YEAR\citrus_fruit\Citrus-Diseases\healthy\healthy_139.jpg,healthy,3024,4032,1467480,JPEG,ec63736da31c4a1c,619,near,train
C:\workstation\3RD YEAR\citrus_fruit\Citrus-Diseases\healthy\healthy_140.jpg,healthy,3024,4032,1476432,JPEG,ec63716da31c4b1c,619,near,train
C:\workstation\3RD YEAR\citrus_fruit\Citrus-Diseases\healthy\healthy_142.jpg,healthy,3024,4032,1455791,JPEG,ec43636da73c4a1c,621,none,train
C:\workstation\3RD YEAR\citrus_fruit\Citrus-Diseases\healthy\healthy_143.jpg,healthy,3024,4032,1423008,JPEG,ec63636da7585a14,622,none,train
C:\workstation\3RD YEAR\citrus_fruit\Citrus-Diseases\healthy\healthy_144.jpg,healthy,3024,4032,1392190,JPEG,ec63736da3584a94,620,near,val
C:\workstation\3RD YEAR\citrus_fruit\Citrus-Diseases\healthy\healthy_145.jpg,healthy,4284,5712,1754469,JPEG,ec63636da6585a94,620,near,val
C:\workstation\3RD YEAR\citrus_fruit\Citrus-Diseases\healthy\healthy_146.jpg,healthy,4284,5712,1634840,JPEG,ec63636da6585a85,622,near,train
C:\workstation\3RD YEAR\citrus_fruit\Citrus-Diseases\healthy\healthy_148.jpg,healthy,4284,5712,1687349,JPEG,ece3626dae585a14,622,near,train
C:\workstation\3RD YEAR\citrus_fruit\Citrus-Diseases\healthy\healthy_149.jpg,healthy,4284,5712,1738986,JPEG,ece3636da2585a94,620,near,val
C:\workstation\3RD YEAR\citrus_fruit\Citrus-Diseases\healthy\healthy_150.jpg,healthy,4284,5712,1805420,JPEG,ec63636da2585b94,620,near,val
C:\workstation\3RD YEAR\citrus_fruit\Citrus-Diseases\healthy\healthy_151.jpg,healthy,4284,5712,1831061,JPEG,ec63636db2585a1c,622,near,train
C:\workstation\3RD YEAR\citrus_fruit\Citrus-Diseases\healthy\healthy_152.jpg,healthy,4284,5712,1453701,JPEG,995a16c170ddfa58,623,none,train
C:\workstation\3RD YEAR\citrus_fruit\Citrus-Diseases\healthy\healthy_154.jpg,healthy,4284,5712,1461924,JPEG,995a16d070ddfa58,623,near,train
C:\workstation\3RD YEAR\citrus_fruit\Citrus-Diseases\healthy\healthy_156.jpg,healthy,4284,5712,1463408,JPEG,995a16c850ddfb58,623,near,train
C:\workstation\3RD YEAR\citrus_fruit\Citrus-Diseases\healthy\healthy_157.jpg,healthy,4284,5712,1481908,JPEG,995a16c050fdfa59,623,near,train
C:\workstation\3RD YEAR\citrus_fruit\Citrus-Diseases\healthy\healthy_158.jpg,healthy,4284,5712,1473787,JPEG,99da16c1509dfa59,623,near,train
C:\workstation\3RD YEAR\citrus_fruit\Citrus-Diseases\healthy\healthy_159.jpg,healthy,3024,4032,1302779,JPEG,99da16c1509cfa79,624,none,val
C:\workstation\3RD YEAR\citrus_fruit\Citrus-Diseases\healthy\healthy_160.jpg,healthy,3024,4032,1285251,JPEG,99da16c0509cfa7b,624,near,val
C:\workstation\3RD YEAR\citrus_fruit\Citrus-Diseases\healthy\healthy_161.jpg,healthy,3024,4032,1281935,JPEG,99da16c850dcfa59,624,near,val
C:\workstation\3RD YEAR\citrus_fruit\Citrus-Diseases\healthy\healthy_162.jpg,healthy,3024,4032,1245066,JPEG,99db16c8509cf25d,625,none,train
C:\workstation\3RD YEAR\citrus_fruit\Citrus-Diseases\healthy\healthy_163.jpg,healthy,3024,4032,1275646,JPEG,99de16c1509cfa59,624,near,val
C:\workstation\3RD YEAR\citrus_fruit\Citrus-Diseases\healthy\healthy_164.jpg,healthy,3024,4032,1311146,JPEG,995a16c150fdfa58,623,near,train
C:\workstation\3RD YEAR\citrus_fruit\Citrus-Diseases\healthy\healthy_165.jpg,healthy,3024,4032,1301960,JPEG,915815c270fdfe58,626,none,train
C:\workstation\3RD YEAR\citrus_fruit\Citrus-Diseases\healthy\healthy_166.jpg,healthy,3024,4032,1300430,JPEG,995a16d85cddbb08,627,none,val
C:\workstation\3RD YEAR\citrus_fruit\Citrus-Diseases\healthy\healthy_167.jpg,healthy,3024,4032,1309929,JPEG,995812f95cd5bb0a,628,none,train
C:\workstation\3RD YEAR\citrus_fruit\Citrus-Diseases\healthy\healthy_168.jpg,healthy,3024,4032,1320165,JPEG,995842fb5c95ab2a,629,none,train
C:\workstation\3RD YEAR\citrus_fruit\Citrus-Diseases\healthy\healthy_169.jpg,healthy,3024,4032,1377935,JPEG,9b5840fb1c95abaa,629,near,train
C:\workstation\3RD YEAR\citrus_fruit\Citrus-Diseases\healthy\healthy_170.jpg,healthy,3024,4032,1304293,JPEG,9b5848fb5c94a72a,630,none,train
C:\workstation\3RD YEAR\citrus_fruit\Citrus-Diseases\healthy\healthy_171.jpg,healthy,3024,4032,1298092,JPEG,9b5848f95cd4a72a,630,near,train
C:\workstation\3RD YEAR\citrus_fruit\Citrus-Diseases\healthy\healthy_172.jpg,healthy,3024,4032,1311141,JPEG,9a5a48fa5c94a7aa,630,near,train
C:\workstation\3RD YEAR\citrus_fruit\Citrus-Diseases\healthy\healthy_173.jpg,healthy,3024,4032,1290656,JPEG,9b5848fa5dd485aa,631,none,train
C:\workstation\3RD YEAR\citrus_fruit\Citrus-Diseases\healthy\healthy_174.jpg,healthy,3024,4032,1305395,JPEG,9b5848fb5cd485a3,631,near,train
C:\workstation\3RD YEAR\citrus_fruit\Citrus-Diseases\healthy\healthy_175.jpg,healthy,3024,4032,1356928,JPEG,9b1a48fa1fd585a1,632,none,test
C:\workstation\3RD YEAR\citrus_fruit\Citrus-Diseases\healthy\healthy_176.jpg,healthy,4284,5712,1340070,JPEG,915617d070bdfa58,633,none,train
C:\workstation\3RD YEAR\citrus_fruit\Citrus-Diseases\healthy\healthy_177.jpg,healthy,4284,5712,1303053,JPEG,995615d070bdfa58,633,near,train
C:\workstation\3RD YEAR\citrus_fruit\Citrus-Diseases\healthy\healthy_178.jpg,healthy,3024,4032,1240255,JPEG,8cdb12c851ccf85f,634,none,train
C:\workstation\3RD YEAR\citrus_fruit\Citrus-Diseases\healthy\healthy_180.jpg,healthy,3024,4032,1248847,JPEG,9cdb12c851ccf85d,634,near,train
C:\workstation\3RD YEAR\citrus_fruit\Citrus-Diseases\healthy\healthy_181.jpg,healthy,3024,4032,1269161,JPEG,995b16c850acfa5d,625,near,train
C:\workstation\3RD YEAR\citrus_fruit\Citrus-Diseases\healthy\healthy_182.jpg,healthy,3024,4032,1223123,JPEG,995e16c070ddfa58,623,near,train
C:\workstation\3RD YEAR\citrus_fruit\Citrus-Diseases\healthy\healthy_183.jpg,healthy,3024,4032,1221659,JPEG,99d616c8305dfb38,635,none,train
C:\workstation\3RD YEAR\citrus_fruit\Citrus-Diseases\healthy\healthy_184.jpg,healthy,4284,5712,1633578,JPEG,995a26c132e6faa6,636,none,train
C:\workstation\3RD YEAR\citrus_fruit\Citrus-Diseases\healthy\healthy_185.jpg,healthy,4284,5712,1639176,JPEG,915236c332e4faae,637,none,val
C:\workstation\3RD YEAR\citrus_fruit\Citrus-Diseases\healthy\healthy_186.jpg,healthy,4284,5712,1585974,JPEG,99da32c372e2f20e,638,none,train
C:\workstation\3RD YEAR\citrus_fruit\Citrus-Diseases\healthy\healthy_187.jpg,healthy,3024,4032,1385244,JPEG,99d236c372e4722e,639,none,train
C:\workstation\3RD YEAR\citrus_fruit\Citrus-Diseases\healthy\healthy_188.jpg,healthy,3024,4032,1365323,JPEG,99d236c372e0527e,639,near,train
C:\workstation\3RD YEAR\citrus_fruit\Citrus-Diseases\healthy\healthy_189.jpg,healthy,3024,4032,1388050,JPEG,99d232cb73c0527e,640,none,train
C:\workstation\3RD YEAR\citrus_fruit\Citrus-Diseases\healthy\healthy_191.jpg,healthy,3024,4032,1393037,JPEG,99da32cb73c0507e,640,near,train
C:\workstation\3RD YEAR\citrus_fruit\Citrus-Diseases\healthy\healthy_192.jpg,healthy,3024,4032,1385862,JPEG,99d232cb7ac0527e,640,near,train
C:\workstation\3RD YEAR\citrus_fruit\Citrus-Diseases\healthy\healthy_193.jpg,healthy,3024,4032,1350146,JPEG,99d032cf7ac0527e,640,near,train
C:\workstation\3RD YEAR\citrus_fruit\Citrus-Diseases\healthy\healthy_194.jpg,healthy,3024,4032,1344409,JPEG,99d032cf7bc0525e,640,near,train
C:\workstation\3RD YEAR\citrus_fruit\Citrus-Diseases\healthy\healthy_195.jpg,healthy,3024,4032,1299997,JPEG,99d132cf73c0525e,640,near,train
C:\workstation\3RD YEAR\citrus_fruit\Citrus-Diseases\healthy\healthy_197.jpg,healthy,3024,4032,1382858,JPEG,99da32c373c072ae,641,none,train
C:\workstation\3RD YEAR\citrus_fruit\Citrus-Diseases\healthy\healthy_198.jpg,healthy,3024,4032,1379326,JPEG,995a26e02cee6e87,642,none,train
C:\workstation\3RD YEAR\citrus_fruit\Citrus-Diseases\healthy\healthy_199.jpg,healthy,3024,4032,1422553,JPEG,9b5a26e034efae84,643,none,train
C:\workstation\3RD YEAR\citrus_fruit\Citrus-Diseases\healthy\healthy_200.jpg,healthy,3024,4032,1295102,JPEG,915236e661a8f87d,644,none,test
C:\workstation\3RD YEAR\citrus_fruit\Citrus-Diseases\healthy\healthy_202.jpg,healthy,3024,4032,1337168,JPEG,905336e271aaf87c,645,none,train
C:\workstation\3RD YEAR\citrus_fruit\Citrus-Diseases\healthy\healthy_204.jpg,healthy,3024,4032,1314583,JPEG,915236e6f1a8e879,644,near,test
C:\workstation\3RD YEAR\citrus_fruit\Citrus-Diseases\healthy\healthy_206.jpg,healthy,3024,4032,1318883,JPEG,915236c6f32ae879,646,none,val
C:\workstation\3RD YEAR\citrus_fruit\Citrus-Diseases\healthy\healthy_207.jpg,healthy,3024,4032,1359392,JPEG,915236c6f32ee079,646,near,val
C:\workstation\3RD YEAR\citrus_fruit\Citrus-Diseases\healthy\healthy_208.jpg,healthy,3024,4032,1303183,JPEG,915332c6f32ae879,646,near,val
C:\workstation\3RD YEAR\citrus_fruit\Citrus-Diseases\healthy\healthy_209.jpg,healthy,3024,4032,1337104,JPEG,915236cef32ce079,646,near,val
C:\workstation\3RD YEAR\citrus_fruit\Citrus-Diseases\healthy\healthy_210.jpg,healthy,3024,4032,1373282,JPEG,915636c7f328e079,646,near,val
C:\workstation\3RD YEAR\citrus_fruit\Citrus-Diseases\healthy\healthy_211.jpg,healthy,3024,4032,1304751,JPEG,915636c661a8f87d,644,near,test
C:\workstation\3RD YEAR\citrus_fruit\Citrus-Diseases\healthy\healthy_212.jpg,healthy,3024,4032,1432814,JPEG,985236e270aef87c,645,near,train
C:\workstation\3RD YEAR\citrus_fruit\Citrus-Diseases\healthy\healthy_213.jpg,healthy,3024,4032,1404538,JPEG,985a12e270aefe2e,647,none,train
C:\workstation\3RD YEAR\citrus_fruit\Citrus-Diseases\healthy\healthy_214.jpg,healthy,3024,4032,1398180,JPEG,9b52a4e446e46b7a,648,none,val
C:\workstation\3RD YEAR\citrus_fruit\Citrus-Diseases\healthy\healthy_215.jpg,healthy,3024,4032,1354210,JPEG,9b5a64f446e4696a,649,none,val
C:\workstation\3RD YEAR\citrus_fruit\Citrus-Diseases\healthy\healthy_216.jpg,healthy,3024,4032,1319404,JPEG,9b5b74f446e46168,649,near,val
C:\workstation\3RD YEAR\citrus_fruit\Citrus-Diseases\healthy\healthy_217.jpg,healthy,3024,4032,1302260,JPEG,895b74f646e66168,650,none,test
C:\workstation\3RD YEAR\citrus_fruit\Citrus-Diseases\healthy\healthy_218.jpg,healthy,3024,4032,1314728,JPEG,9b5a24e556e44b6a,651,none,train
C:\workstation\3RD YEAR\citrus_fruit\Citrus-Diseases\healthy\healthy_219.jpg,healthy,3024,4032,1454302,JPEG,9a5b22e574e76a42,652,none,val
C:\workstation\3RD YEAR\citrus_fruit\Citrus-Diseases\healthy\healthy_220.jpg,healthy,3024,4032,1440362,JPEG,9a5222ec3cef6e50,653,none,test
C:\workstation\3RD YEAR\citrus_fruit\Citrus-Diseases\healthy\healthy_221.jpg,healthy,3024,4032,1436606,JPEG,9a5a22e43cef6e44,653,near,test
C:\workstation\3RD YEAR\citrus_fruit\Citrus-Diseases\healthy\healthy_222.jpg,healthy,3024,4032,1453258,JPEG,985b22e43cef6e44,654,none,train
C:\workstation\3RD YEAR\citrus_fruit\Citrus-Diseases\healthy\healthy_224.jpg,healthy,3024,4032,1474098,JPEG,985b32e220e6fd47,655,none,val
C:\workstation\3RD YEAR\citrus_fruit\Citrus-Diseases\healthy\healthy_225.jpg,healthy,3024,4032,1432588,JPEG,9b5a64e45eeb4b10,656,none,train
C:\workstation\3RD YEAR\citrus_fruit\Citrus-Diseases\healthy\healthy_226.jpg,healthy,3024,4032,1343885,JPEG,9b5864e64eeb4958,657,none,train
C:\workstation\3RD YEAR\citrus_fruit\Citrus-Diseases\healthy\healthy_227.jpg,healthy,3024,4032,1458936,JPEG,9b5d64e64ee14958,657,near,train
C:\workstation\3RD YEAR\citrus_fruit\Citrus-Diseases\healthy\healthy_228.jpg,healthy,3024,4032,1424496,JPEG,9b5a64e64ee94958,657,near,train
C:\workstation\3RD YEAR\citrus_fruit\Citrus-Diseases\healthy\healthy_229.jpg,healthy,3024,4032,1448021,JPEG,995d66e24ee14959,658,none,train
C:\workstation\3RD YEAR\citrus_fruit\Citrus-Diseases\healthy\healthy_230.jpg,healthy,3024,4032,1402184,JPEG,895d76f24ee06958,659,none,val
C:\workstation\3RD YEAR\citrus_fruit\Citrus-Diseases\healthy\healthy_231.jpg,healthy,3024,4032,1448446,JPEG,895d76f24ee04959,658,near,train
C:\workstation\3RD YEAR\citrus_fruit\Citrus-Diseases\healthy\healthy_232.jpg,healthy,3024,4032,1476314,JPEG,895f66f24ee04959,658,near,train
C:\workstation\3RD YEAR\citrus_fruit\Citrus-Diseases\healthy\healthy_233.jpg,healthy,3024,4032,1376553,JPEG,895f76f24ae04959,659,near,val
C:\workstation\3RD YEAR\citrus_fruit\Citrus-Diseases\healthy\healthy_234.jpg,healthy,3024,4032,1392794,JPEG,895d76f24aec485c,660,none,train
C:\workstation\3RD YEAR\citrus_fruit\Citrus-Diseases\healthy\healthy_235.jpg,healthy,3024,4032,1408799,JPEG,895d76f242e46c5c,660,near,train
C:\workstation\3RD YEAR\citrus_fruit\Citrus-Diseases\healthy\healthy_236.jpg,healthy,3024,4032,1432205,JPEG,8d4b76f242e46c5c,661,none,train
C:\workstation\3RD YEAR\citrus_fruit\Citrus-Diseases\healthy\healthy_237.jpg,healthy,3024,4032,1524087,JPEG,8d4972f368ec6c4c,662,none,train
C:\workstation\3RD YEAR\citrus_fruit\Citrus-Diseases\healthy\healthy_238.jpg,healthy,3024,4032,1615572,JPEG,8d5562ea4fe94958,663,none,val
C:\workstation\3RD YEAR\citrus_fruit\Citrus-Diseases\healthy\healthy_239.jpg,healthy,3024,4032,1580044,JPEG,895564ea4eef4958,664,none,test
C:\workstation\3RD YEAR\citrus_fruit\Citrus-Diseases\healthy\healthy_240.jpg,healthy,3024,4032,1593512,JPEG,995543e64ecf4d18,665,none,test
C:\workstation\3RD YEAR\citrus_fruit\Citrus-Diseases\healthy\healthy_241.jpg,healthy,3024,4032,1616348,JPEG,995543e64ee74d11,665,near,test
C:\workstation\3RD YEAR\citrus_fruit\Citrus-Diseases\healthy\healthy_242.jpg,healthy,3024,4032,1553403,JPEG,985927e64eef4d01,666,none,train
C:\workstation\3RD YEAR\citrus_fruit\Citrus-Diseases\healthy\healthy_243.jpg,healthy,3024,4032,1516812,JPEG,985f07c41ecf4f11,667,none,test
C:\workstation\3RD YEAR\citrus_fruit\Citrus-Diseases\healthy\healthy_244.jpg,healthy,3024,4032,1537300,JPEG,985d27c60aef4f03,668,none,train
C:\workstation\3RD YEAR\citrus_fruit\Citrus-Diseases\healthy\healthy_245.jpg,healthy,3024,4032,1531564,JPEG,985b27c41cee5b07,669,none,train
C:\workstation\3RD YEAR\citrus_fruit\Citrus-Diseases\healthy\healthy_246.jpg,healthy,3024,4032,1480238,JPEG,985b27c45cca5b0f,669,near,train
C:\workstation\3RD YEAR\citrus_fruit\Citrus-Diseases\healthy\healthy_247.jpg,healthy,3024,4032,1522402,JPEG,985b26c575cc5a0f,670,none,test
C:\workstation\3RD YEAR\citrus_fruit\Citrus-Diseases\healthy\healthy_248.jpg,healthy,3024,4032,1480286,JPEG,995b26c55cc85a1f,671,none,train
C:\workstation\3RD YEAR\citrus_fruit\Citrus-Diseases\healthy\healthy_249.jpg,healthy,3024,4032,1415986,JPEG,d3462dcb4a2db0f4,672,none,train
C:\workstation\3RD YEAR\citrus_fruit\Citrus-Diseases\healthy\healthy_250.jpg,healthy,3024,4032,1369104,JPEG,d3462ccb4b2db0f4,672,near,train
C:\workstation\3RD YEAR\citrus_fruit\Citrus-Diseases\healthy\healthy_251.jpg,healthy,3024,4032,1368278,JPEG,f3462ccb4b2db0b4,672,near,train
C:\workstation\3RD YEAR\citrus_fruit\Citrus-Diseases\healthy\healthy_252.jpg,healthy,3024,4032,1260218,JPEG,d85234b263636e9d,673,none,train
C:\workstation\3RD YEAR\citrus_fruit\Citrus-Diseases\healthy\healthy_253.jpg,healthy,3024,4032,1239867,JPEG,d85236b26b486d9d,674,none,test
C:\workstation\3RD YEAR\citrus_fruit\Citrus-Diseases\healthy\healthy_254.jpg,healthy,3024,4032,1203183,JPEG,da5336b64b488c9d,675,none,train
C:\workstation\3RD YEAR\citrus_fruit\Citrus-Diseases\healthy\healthy_255.jpg,healthy,3024,4032,1205439,JPEG,ca5233b669658d9c,676,none,test
C:\workstation\3RD YEAR\citrus_fruit\Citrus-Diseases\healthy\healthy_256.jpg,healthy,3024,4032,1175981,JPEG,ca5233a66965ad9c,676,near,test
C:\workstation\3RD YEAR\citrus_fruit\Citrus-Diseases\healthy\healthy_258.jpg,healthy,3024,4032,1342043,JPEG,da5237a2694c8d9d,677,none,train
C:\workstation\3RD YEAR\citrus_fruit\Citrus-Diseases\healthy\healthy_259.jpg,healthy,4284,5712,1573697,JPEG,d96a36656b0ed688,678,none,train
C:\workstation\3RD YEAR\citrus_fruit\Citrus-Diseases\healthy\healthy_260.jpg,healthy,4284,5712,1585652,JPEG,c96a36e56b0ed688,678,near,train
C:\workstation\3RD YEAR\citrus_fruit\Citrus-Diseases\healthy\healthy_261.jpg,healthy,4284,5712,1616308,JPEG,d95236e16b4dc698,679,none,train
C:\workstation\3RD YEAR\citrus_fruit\Citrus-Diseases\healthy\healthy_262.jpg,healthy,3024,4032,1404863,JPEG,d95236e16b4dc499,679,near,train
C:\workstation\3RD YEAR\citrus_fruit\Citrus-Diseases\healthy\healthy_263.jpg,healthy,3024,4032,1422278,JPEG,db5236e96b0cd419,680,none,val
C:\workstation\3RD YEAR\citrus_fruit\Citrus-Diseases\healthy\healthy_264.jpg,healthy,3024,4032,1424432,JPEG,c95236e16b4dd619,679,near,train
C:\workstation\3RD YEAR\citrus_fruit\Citrus-Diseases\healthy\healthy_265.jpg,healthy,3024,4032,1431573,JPEG,c85236e16b47d699,681,none,train
C:\workstation\3RD YEAR\citrus_fruit\Citrus-Diseases\healthy\healthy_266.jpg,healthy,3024,4032,1421372,JPEG,c85236e96947d699,681,near,train
C:\workstation\3RD YEAR\citrus_fruit\Citrus-Diseases\healthy\healthy_267.jpg,healthy,3024,4032,1411949,JPEG,ca5236e16947d61b,681,near,train
C:\workstation\3RD YEAR\citrus_fruit\Citrus-Diseases\healthy\healthy_268.jpg,healthy,3024,4032,1417163,JPEG,c87a32e16947d61b,682,none,train
C:\workstation\3RD YEAR\citrus_fruit\Citrus-Diseases\healthy\healthy_269.jpg,healthy,3024,4032,1405394,JPEG,ca5336e96945d41b,683,none,train
C:\workstation\3RD YEAR\citrus_fruit\Citrus-Diseases\healthy\healthy_270.jpg,healthy,3024,4032,1367855,JPEG,c96546e06187cf97,684,none,train
C:\workstation\3RD YEAR\citrus_fruit\Citrus-Diseases\healthy\healthy_271.jpg,healthy,3024,4032,1485962,JPEG,cc6bb37428c34e87,685,none,test
C:\workstation\3RD YEAR\citrus_fruit\Citrus-Diseases\healthy\healthy_272.jpg,healthy,3024,4032,1197475,JPEG,db5527c24b8cde18,686,none,train
C:\workstation\3RD YEAR\citrus_fruit\Citrus-Diseases\healthy\healthy_273.jpg,healthy,3024,4032,1202423,JPEG,db5727c24b0cde18,686,near,train
C:\workstation\3RD YEAR\citrus_fruit\Citrus-Diseases\healthy\healthy_274.jpg,healthy,3024,4032,1215462,JPEG,da5736e2498cde18,687,none,test
C:\workstation\3RD YEAR\citrus_fruit\Citrus-Diseases\healthy\healthy_275.jpg,healthy,3024,4032,1182097,JPEG,da5337c2498cde38,687,near,test
C:\workstation\3RD YEAR\citrus_fruit\Citrus-Diseases\healthy\healthy_276.jpg,healthy,3024,4032,1285907,JPEG,da4337ea498cd638,688,none,train
C:\workstation\3RD YEAR\citrus_fruit\Citrus-Diseases\healthy\healthy_277.jpg,healthy,3024,4032,1288614,JPEG,da4337e2498cde38,687,near,test
C:\workstation\3RD YEAR\citrus_fruit\Citrus-Diseases\healthy\healthy_278.jpg,healthy,3024,4032,1293868,JPEG,ca4337ea498dd638,688,near,train
C:\workstation\3RD YEAR\citrus_fruit\Citrus-Diseases\healthy\healthy_279.jpg,healthy,4284,5712,1446320,JPEG,d885b59fd9e0142d,689,none,train
C:\workstation\3RD YEAR\citrus_fruit\Citrus-Diseases\healthy\healthy_280.jpg,healthy,4284,5712,1418493,JPEG,d98ba69bd9e0142d,690,none,test
C:\workstation\3RD YEAR\citrus_fruit\Citrus-Diseases\healthy\healthy_281.jpg,healthy,3024,4032,1241093,JPEG,d985b49fd8e01c1d,691,none,val
C:\workstation\3RD YEAR\citrus_fruit\Citrus-Diseases\healthy\healthy_282.jpg,healthy,3024,4032,1282359,JPEG,d9a5b49fd8e01c0d,691,near,val
C:\workstation\3RD YEAR\citrus_fruit\Citrus-Diseases\healthy\healthy_283.jpg,healthy,3024,4032,1259691,JPEG,d9a1b48fdae01e15,692,none,train
C:\workstation\3RD YEAR\citrus_fruit\Citrus-Diseases\healthy\healthy_284.jpg,healthy,3024,4032,1238349,JPEG,d9a1b68ddbe01e14,692,near,train
C:\workstation\3RD YEAR\citrus_fruit\Citrus-Diseases\healthy\healthy_285.jpg,healthy,3024,4032,1237815,JPEG,d9a1b697c9e41e14,693,none,train
C:\workstation\3RD YEAR\citrus_fruit\Citrus-Diseases\healthy\healthy_286.jpg,healthy,3024,4032,1256569,JPEG,d9b0b696cde40f14,694,none,train
C:\workstation\3RD YEAR\citrus_fruit\Citrus-Diseases\healthy\healthy_287.jpg,healthy,4284,5712,1513018,JPEG,dcc4b19ed9c2143d,695,none,train
C:\workstation\3RD YEAR\citrus_fruit\Citrus-Diseases\healthy\healthy_288.jpg,healthy,4284,5712,1488662,JPEG,dceca3dc5540356c,696,none,train
C:\workstation\3RD YEAR\citrus_fruit\Citrus-Diseases\healthy\healthy_289.jpg,healthy,3024,4032,1244048,JPEG,ddc8b3d85b42156c,697,none,train
C:\workstation\3RD YEAR\citrus_fruit\Citrus-Diseases\healthy\healthy_290.jpg,healthy,3024,4032,1257117,JPEG,ccc8b3d95b421d6c,697,near,train
C:\workstation\3RD YEAR\citrus_fruit\Citrus-Diseases\healthy\healthy_291.jpg,healthy,3024,4032,1255535,JPEG,ddc8a3d853521d6c,697,near,train
C:\workstation\3RD YEAR\citrus_fruit\Citrus-Diseases\healthy\healthy_293.jpg,healthy,3024,4032,1242777,JPEG,cd48b3d95352356c,698,none,test
C:\workstation\3RD YEAR\citrus_fruit\Citrus-Diseases\healthy\healthy_294.jpg,healthy,3024,4032,1238731,JPEG,ddc9a3d8d2121d6c,699,none,train
C:\workstation\3RD YEAR\citrus_fruit\Citrus-Diseases\healthy\healthy_295.jpg,healthy,3024,4032,1265479,JPEG,cd49a3f853123d6c,700,none,val
C:\workstation\3RD YEAR\citrus_fruit\Citrus-Diseases\healthy\healthy_296.jpg,healthy,3024,4032,1259386,JPEG,cdc9b3f8d2122c6c,701,none,test
C:\workstation\3RD YEAR\citrus_fruit\Citrus-Diseases\healthy\healthy_297.jpg,healthy,3024,4032,1242054,JPEG,ddc9a2fa52162c6c,702,none,train
C:\workstation\3RD YEAR\citrus_fruit\Citrus-Diseases\healthy\healthy_298.jpg,healthy,3024,4032,1256216,JPEG,c9c9e2fad6162865,703,none,train
C:\workstation\3RD YEAR\citrus_fruit\Citrus-Diseases\healthy\healthy_299.jpg,healthy,3024,4032,1239505,JPEG,cd49f2fad2172864,704,none,train
C:\workstation\3RD YEAR\citrus_fruit\Citrus-Diseases\healthy\healthy_300.jpg,healthy,3024,4032,1207086,JPEG,c949f2fad6172864,703,near,train
C:\workstation\3RD YEAR\citrus_fruit\Citrus-Diseases\healthy\healthy_301.jpg,healthy,3024,4032,1231885,JPEG,cc49f3fac6172864,704,near,train
C:\workstation\3RD YEAR\citrus_fruit\Citrus-Diseases\healthy\healthy_302.jpg,healthy,3024,4032,1201283,JPEG,c8c9f3f0c6972865,705,none,train
C:\workstation\3RD YEAR\citrus_fruit\Citrus-Diseases\healthy\healthy_303.jpg,healthy,3024,4032,1216919,JPEG,c8dbf3f2c6862861,706,none,train
C:\workstation\3RD YEAR\citrus_fruit\Citrus-Diseases\healthy\healthy_304.jpg,healthy,3024,4032,1205356,JPEG,c8dbf3d2c6862865,706,near,train
C:\workstation\3RD YEAR\citrus_fruit\Citrus-Diseases\healthy\healthy_305.jpg,healthy,3024,4032,1216158,JPEG,c8dbf3d246962865,706,near,train
C:\workstation\3RD YEAR\citrus_fruit\Citrus-Diseases\healthy\healthy_306.jpg,healthy,3024,4032,1227337,JPEG,d959e2da56962a54,707,none,train
C:\workstation\3RD YEAR\citrus_fruit\Citrus-Diseases\healthy\healthy_307.jpg,healthy,3024,4032,1199959,JPEG,d9d9e2da52162a74,707,near,train
C:\workstation\3RD YEAR\citrus_fruit\Citrus-Diseases\healthy\healthy_308.jpg,healthy,3024,4032,1214286,JPEG,d9c9e2da52563a64,708,none,train
C:\workstation\3RD YEAR\citrus_fruit\Citrus-Diseases\healthy\healthy_309.jpg,healthy,3024,4032,1205570,JPEG,d9c9a2da52563a6c,708,near,train
C:\workstation\3RD YEAR\citrus_fruit\Citrus-Diseases\healthy\healthy_310.jpg,healthy,3024,4032,1200569,JPEG,d9caa2da52523d6c,709,none,train
C:\workstation\3RD YEAR\citrus_fruit\Citrus-Diseases\healthy\healthy_311.jpg,healthy,3024,4032,1155818,JPEG,ddcaa2da52523d64,709,near,train
C:\workstation\3RD YEAR\citrus_fruit\Citrus-Diseases\healthy\healthy_312.jpg,healthy,3024,4032,1220641,JPEG,dd48a29ad3423d6e,710,none,train
C:\workstation\3RD YEAR\citrus_fruit\Citrus-Diseases\healthy\healthy_313.jpg,healthy,3024,4032,1245633,JPEG,d9caa29ada42356e,711,none,train
C:\workstation\3RD YEAR\citrus_fruit\Citrus-Diseases\healthy\healthy_314.jpg,healthy,3024,4032,1260442,JPEG,d9c8a29adb42356e,710,near,train
C:\workstation\3RD YEAR\citrus_fruit\Citrus-Diseases\healthy\healthy_315.jpg,healthy,3024,4032,1221634,JPEG,d9caa29ad2423d6e,709,near,train
C:\workstation\3RD YEAR\citrus_fruit\Citrus-Diseases\healthy\healthy_316.jpg,healthy,3024,4032,1219231,JPEG,d9cba2d852423d6e,709,near,train
C:\workstation\3RD YEAR\citrus_fruit\Citrus-Diseases\healthy\healthy_317.jpg,healthy,3024,4032,1234577,JPEG,d9c9e6fa52162a64,708,near,train
C:\workstation\3RD YEAR\citrus_fruit\Citrus-Diseases\healthy\healthy_318.jpg,healthy,3024,4032,1234556,JPEG,d9d9e6d856962254,707,near,train
C:\workstation\3RD YEAR\citrus_fruit\Citrus-Diseases\healthy\healthy_319.jpg,healthy,3024,4032,1210866,JPEG,d95be3d1d6963050,712,none,train
C:\workstation\3RD YEAR\citrus_fruit\Citrus-Diseases\healthy\healthy_320.jpg,healthy,3024,4032,1185502,JPEG,c84bf3d1c7974055,713,none,train
C:\workstation\3RD YEAR\citrus_fruit\Citrus-Diseases\healthy\healthy_321.jpg,healthy,3024,4032,1156047,JPEG,c8cbf3f047974451,714,none,train
C:\workstation\3RD YEAR\citrus_fruit\Citrus-Diseases\healthy\healthy_322.jpg,healthy,3024,4032,1146603,JPEG,d9d3f3d2c6944454,715,none,train
C:\workstation\3RD YEAR\citrus_fruit\Citrus-Diseases\healthy\healthy_323.jpg,healthy,3024,4032,1191593,JPEG,d9d3f3f286944550,715,near,train
C:\workstation\3RD YEAR\citrus_fruit\Citrus-Diseases\healthy\healthy_324.jpg,healthy,3024,4032,1139985,JPEG,d9cbf3f0c6864550,716,none,train
C:\workstation\3RD YEAR\citrus_fruit\Citrus-Diseases\healthy\healthy_325.jpg,healthy,3024,4032,1147628,JPEG,cccbf9f0c1874c58,717,none,train
C:\workstation\3RD YEAR\citrus_fruit\Citrus-Diseases\healthy\healthy_326.jpg,healthy,3024,4032,1106798,JPEG,ddcbf3f081864d48,718,none,test
C:\workstation\3RD YEAR\citrus_fruit\Citrus-Diseases\healthy\healthy_327.jpg,healthy,3024,4032,1132588,JPEG,d9cbf3f083864d48,718,near,test
C:\workstation\3RD YEAR\citrus_fruit\Citrus-Diseases\healthy\healthy_328.jpg,healthy,3024,4032,1144812,JPEG,ddd2f3e083864d58,719,none,train
C:\workstation\3RD YEAR\citrus_fruit\Citrus-Diseases\healthy\healthy_329.jpg,healthy,3024,4032,1089787,JPEG,ddd2f2e4828e4d58,719,near,train
C:\workstation\3RD YEAR\citrus_fruit\Citrus-Diseases\healthy\healthy_330.jpg,healthy,3024,4032,1099093,JPEG,cddaf8e4c1834d58,720,none,train
C:\workstation\3RD YEAR\citrus_fruit\Citrus-Diseases\healthy\healthy_331.jpg,healthy,3024,4032,1082021,JPEG,c7caf8e483834d78,721,none,train
C:\workstation\3RD YEAR\citrus_fruit\Citrus-Diseases\healthy\healthy_332.jpg,healthy,3024,4032,1140776,JPEG,ccdaf3e483864d58,719,near,train
C:\workstation\3RD YEAR\citrus_fruit\Citrus-Diseases\healthy\healthy_333.jpg,healthy,3024,4032,1112631,JPEG,dddaf2e483864d50,719,near,train
C:\workstation\3RD YEAR\citrus_fruit\Citrus-Diseases\healthy\healthy_334.jpg,healthy,3024,4032,1123745,JPEG,cccbf9e4c1974458,717,near,train
C:\workstation\3RD YEAR\citrus_fruit\Citrus-Diseases\healthy\healthy_335.jpg,healthy,3024,4032,1186562,JPEG,d9d3f3d0c6944554,715,near,train
C:\workstation\3RD YEAR\citrus_fruit\Citrus-Diseases\healthy\healthy_336.jpg,healthy,3024,4032,1185263,JPEG,dad3e6d0c69460d5,722,none,train
C:\workstation\3RD YEAR\citrus_fruit\Citrus-Diseases\healthy\healthy_337.jpg,healthy,3024,4032,1163614,JPEG,d9d9e6d85296aa50,723,none,val
C:\workstation\3RD YEAR\citrus_fruit\Citrus-Diseases\healthy\healthy_338.jpg,healthy,3024,4032,1153933,JPEG,c9d9e2d85296ba54,723,near,val
C:\workstation\3RD YEAR\citrus_fruit\Citrus-Diseases\healthy\healthy_339.jpg,healthy,3024,4032,1121666,JPEG,dbd2e4dbd4843254,724,none,val
C:\workstation\3RD YEAR\citrus_fruit\Citrus-Diseases\healthy\healthy_340.jpg,healthy,3024,4032,1182286,JPEG,dbdae6d856043a54,725,none,train
C:\workstation\3RD YEAR\citrus_fruit\Citrus-Diseases\healthy\healthy_341.jpg,healthy,3024,4032,1212780,JPEG,ddc9a2d852523e6c,726,none,train
C:\workstation\3RD YEAR\citrus_fruit\Citrus-Diseases\healthy\healthy_342.jpg,healthy,3024,4032,1231077,JPEG,d9c8a2da52523f6c,709,near,train
C:\workstation\3RD YEAR\citrus_fruit\Citrus-Diseases\healthy\healthy_343.jpg,healthy,3024,4032,1261986,JPEG,d9caa2dad2403d6e,709,near,train
C:\workstation\3RD YEAR\citrus_fruit\Citrus-Diseases\healthy\healthy_344.jpg,healthy,3024,4032,1304553,JPEG,d9c8a29adbc2156e,711,near,train
C:\workstation\3RD YEAR\citrus_fruit\Citrus-Diseases\healthy\healthy_345.jpg,healthy,3024,4032,1218460,JPEG,d9c9a29adac2175a,727,none,train
C:\workstation\3RD YEAR\citrus_fruit\Citrus-Diseases\healthy\healthy_346.jpg,healthy,3024,4032,1178347,JPEG,cd4ca2d9db521b4a,728,none,val
C:\workstation\3RD YEAR\citrus_fruit\Citrus-Diseases\healthy\healthy_347.jpg,healthy,4284,5712,1528919,JPEG,d9c9a6dada42196c,729,none,train
C:\workstation\3RD YEAR\citrus_fruit\Citrus-Diseases\healthy\healthy_349.jpg,healthy,3024,4032,1225904,JPEG,ddc9a2d9da42196c,729,near,train
C:\workstation\3RD YEAR\citrus_fruit\Citrus-Diseases\healthy\healthy_350.jpg,healthy,3024,4032,1233892,JPEG,ddc9a2dbda42186c,729,near,train
C:\workstation\3RD YEAR\citrus_fruit\Citrus-Diseases\healthy\healthy_351.jpg,healthy,3024,4032,1209283,JPEG,ddc9a2d9da16186c,730,none,train
C:\workstation\3RD YEAR\citrus_fruit\Citrus-Diseases\healthy\healthy_352.jpg,healthy,3024,4032,1226138,JPEG,dd49a2d9da161c6c,730,near,train
C:\workstation\3RD YEAR\citrus_fruit\Citrus-Diseases\healthy\healthy_353.jpg,healthy,3024,4032,1216666,JPEG,ddc9a2d9da46186c,730,near,train
C:\workstation\3RD YEAR\citrus_fruit\Citrus-Diseases\healthy\healthy_354.jpg,healthy,3024,4032,1272902,JPEG,cd49a3d9da161c6c,730,near,train
C:\workstation\3RD YEAR\citrus_fruit\Citrus-Diseases\healthy\healthy_355.jpg,healthy,3024,4032,1240494,JPEG,cd49a3d9da171c68,731,none,train
C:\workstation\3RD YEAR\citrus_fruit\Citrus-Diseases\healthy\healthy_356.jpg,healthy,3024,4032,1219692,JPEG,ddc9a2d9da162c68,730,near,train
C:\workstation\3RD YEAR\citrus_fruit\Citrus-Diseases\healthy\healthy_357.jpg,healthy,3024,4032,1249096,JPEG,cdc9a3d9da421c6c,732,none,train
C:\workstation\3RD YEAR\citrus_fruit\Citrus-Diseases\healthy\healthy_358.jpg,healthy,3024,4032,1271195,JPEG,cdc8a3d9db421c6c,732,near,train
C:\workstation\3RD YEAR\citrus_fruit\Citrus-Diseases\healthy\healthy_359.jpg,healthy,3024,4032,1251653,JPEG,ddc8a3d8dbc2152c,697,near,train
C:\workstation\3RD YEAR\citrus_fruit\Citrus-Diseases\healthy\healthy_360.jpg,healthy,3024,4032,1283387,JPEG,ddc8a398dbc2152d,733,none,test
C:\workstation\3RD YEAR\citrus_fruit\Citrus-Diseases\healthy\healthy_361.jpg,healthy,3024,4032,1243611,JPEG,ddc8a398dbc2143d,733,near,test
C:\workstation\3RD YEAR\citrus_fruit\Citrus-Diseases\healthy\healthy_362.jpg,healthy,3024,4032,1252979,JPEG,dcc8a399dbc2143d,733,near,test
C:\workstation\3RD YEAR\citrus_fruit\Citrus-Diseases\healthy\healthy_363.jpg,healthy,3024,4032,1268939,JPEG,dcc8a39fd9c2141d,734,none,train
C:\workstation\3RD YEAR\citrus_fruit\Citrus-Diseases\healthy\healthy_364.jpg,healthy,3024,4032,1278534,JPEG,d9c9a39bd9c2141d,734,near,train
C:\workstation\3RD YEAR\citrus_fruit\Citrus-Diseases\healthy\healthy_365.jpg,healthy,3024,4032,1260986,JPEG,d8cda39f59e21614,735,none,train
C:\workstation\3RD YEAR\citrus_fruit\Citrus-Diseases\healthy\healthy_366.jpg,healthy,3024,4032,1287679,JPEG,d9cda69f59e21214,735,near,train
C:\workstation\3RD YEAR\citrus_fruit\Citrus-Diseases\healthy\healthy_367.jpg,healthy,3024,4032,1255568,JPEG,dbcba4bf1be20214,736,none,train
C:\workstation\3RD YEAR\citrus_fruit\Citrus-Diseases\leaf_minnor\leaf_minor_001.jpg,leaf_minnor,3024,4032,1196302,JPEG,8c56623c9e33d9c9,737,none,train
C:\workstation\3RD YEAR\citrus_fruit\Citrus-Diseases\leaf_minnor\leaf_minor_002.jpg,leaf_minnor,3024,4032,1208887,JPEG,8c56663c1633cbcb,738,none,train
C:\workstation\3RD YEAR\citrus_fruit\Citrus-Diseases\leaf_minnor\leaf_minor_003.jpg,leaf_minnor,3024,4032,1218403,JPEG,8c46663c1673dbc9,738,near,train
C:\workstation\3RD YEAR\citrus_fruit\Citrus-Diseases\leaf_minnor\leaf_minor_004.jpg,leaf_minnor,3024,4032,1230506,JPEG,9446663c5753cbc9,739,none,train
C:\workstation\3RD YEAR\citrus_fruit\Citrus-Diseases\leaf_minnor\leaf_minor_005.jpg,leaf_minnor,3024,4032,1193337,JPEG,9446663e575149ed,740,none,train
C:\workstation\3RD YEAR\citrus_fruit\Citrus-Diseases\leaf_minnor\leaf_minor_006.jpg,leaf_minnor,3024,4032,1192083,JPEG,9446663c575349ed,739,near,train
C:\workstation\3RD YEAR\citrus_fruit\Citrus-Diseases\leaf_minnor\leaf_minor_007.jpg,leaf_minnor,3024,4032,1181625,JPEG,9446663e175349ed,740,near,train
C:\workstation\3RD YEAR\citrus_fruit\Citrus-Diseases\leaf_minnor\leaf_minor_008.jpg,leaf_minnor,3024,4032,1237316,JPEG,8c46e63c1e7353c9,741,none,train
C:\workstation\3RD YEAR\citrus_fruit\Citrus-Diseases\leaf_minnor\leaf_minor_009.jpg,leaf_minnor,3024,4032,1194751,JPEG,8c46643c3633cfcb,738,near,train
C:\workstation\3RD YEAR\citrus_fruit\Citrus-Diseases\leaf_minnor\leaf_minor_010.jpg,leaf_minnor,3024,4032,1227288,JPEG,8c56662c36334beb,738,near,train
C:\workstation\3RD YEAR\citrus_fruit\Citrus-Diseases\leaf_minnor\leaf_minor_011.jpg,leaf_minnor,3024,4032,1189688,JPEG,8c56666c3c33cbc3,742,none,train
C:\workstation\3RD YEAR\citrus_fruit\Citrus-Diseases\leaf_minnor\leaf_minor_012.jpg,leaf_minnor,3024,4032,1232250,JPEG,8d14656d3d3716c6,743,none,train
C:\workstation\3RD YEAR\citrus_fruit\Citrus-Diseases\leaf_minnor\leaf_minor_013.jpg,leaf_minnor,3024,4032,1280087,JPEG,8d14616d3d3517c7,743,near,train
C:\workstation\3RD YEAR\citrus_fruit\Citrus-Diseases\leaf_minnor\leaf_minor_014.jpg,leaf_minnor,3024,4032,1190231,JPEG,a939e368b87616c6,744,none,train
C:\workstation\3RD YEAR\citrus_fruit\Citrus-Diseases\leaf_minnor\leaf_minor_015.jpg,leaf_minnor,3024,4032,1203254,JPEG,8919e369b97616c6,744,near,train
C:\workstation\3RD YEAR\citrus_fruit\Citrus-Diseases\leaf_minnor\leaf_minor_016.jpg,leaf_minnor,3024,4032,1205786,JPEG,8919e369b97714c6,745,none,train
C:\workstation\3RD YEAR\citrus_fruit\Citrus-Diseases\leaf_minnor\leaf_minor_017.jpg,leaf_minnor,3024,4032,1188481,JPEG,8819e369b97535c6,745,near,train
C:\workstation\3RD YEAR\citrus_fruit\Citrus-Diseases\leaf_minnor\leaf_minor_019.jpg,leaf_minnor,3024,4032,1166800,JPEG,8819e369b97135c7,746,none,train
C:\workstation\3RD YEAR\citrus_fruit\Citrus-Diseases\leaf_minnor\leaf_minor_020.jpg,leaf_minnor,3024,4032,1140304,JPEG,8a19e369b93135c7,746,near,train
C:\workstation\3RD YEAR\citrus_fruit\Citrus-Diseases\leaf_minnor\leaf_minor_021.jpg,leaf_minnor,3024,4032,1191611,JPEG,8a19e368b97135c7,746,near,train
C:\workstation\3RD YEAR\citrus_fruit\Citrus-Diseases\leaf_minnor\leaf_minor_022.jpg,leaf_minnor,3024,4032,1183620,JPEG,8a19e368b97716c6,745,near,train
C:\workstation\3RD YEAR\citrus_fruit\Citrus-Diseases\leaf_minnor\leaf_minor_023.jpg,leaf_minnor,3024,4032,1186235,JPEG,8819e369b93535c7,746,near,train
C:\workstation\3RD YEAR\citrus_fruit\Citrus-Diseases\leaf_minnor\leaf_minor_024.jpg,leaf_minnor,3024,4032,1192523,JPEG,8819e369b97536c6,745,near,train
C:\workstation\3RD YEAR\citrus_fruit\Citrus-Diseases\leaf_minnor\leaf_minor_025.jpg,leaf_minnor,3024,4032,1180431,JPEG,8819e369b97716c6,745,near,train
C:\workstation\3RD YEAR\citrus_fruit\Citrus-Diseases\leaf_minnor\leaf_minor_026.jpg,leaf_minnor,3024,4032,1215869,JPEG,8839e369bd3616c6,747,none,train
C:\workstation\3RD YEAR\citrus_fruit\Citrus-Diseases\leaf_minnor\leaf_minor_027.jpg,leaf_minnor,3024,4032,1247520,JPEG,891de16d3d360ec6,748,none,train
C:\workstation\3RD YEAR\citrus_fruit\Citrus-Diseases\leaf_minnor\leaf_minor_028.jpg,leaf_minnor,3024,4032,1210826,JPEG,8d1ce26c3c370bcb,749,none,train
C:\workstation\3RD YEAR\citrus_fruit\Citrus-Diseases\leaf_minnor\leaf_minor_029.jpg,leaf_minnor,3024,4032,1270998,JPEG,8d1ce46d7c370aca,750,none,train
C:\workstation\3RD YEAR\citrus_fruit\Citrus-Diseases\leaf_minnor\leaf_minor_030.jpg,leaf_minnor,3024,4032,1273685,JPEG,8d1ce46d7c360eca,750,near,train
C:\workstation\3RD YEAR\citrus_fruit\Citrus-Diseases\leaf_minnor\leaf_minor_031.jpg,leaf_minnor,3024,4032,1280133,JPEG,8d1ce26c7c370eca,749,near,train
C:\workstation\3RD YEAR\citrus_fruit\Citrus-Diseases\leaf_minnor\leaf_minor_032.jpg,leaf_minnor,3024,4032,1295282,JPEG,8d1ce06d7d37068e,751,none,train
C:\workstation\3RD YEAR\citrus_fruit\Citrus-Diseases\leaf_minnor\leaf_minor_033.jpg,leaf_minnor,3024,4032,1257765,JPEG,8d14d16d7d343587,752,none,train
C:\workstation\3RD YEAR\citrus_fruit\Citrus-Diseases\leaf_minnor\leaf_minor_034.jpg,leaf_minnor,3024,4032,1225070,JPEG,897de36934668e46,753,none,val
C:\workstation\3RD YEAR\citrus_fruit\Citrus-Diseases\leaf_minnor\leaf_minor_035.jpg,leaf_minnor,3024,4032,1228255,JPEG,8939e36d34368e66,754,none,train
C:\workstation\3RD YEAR\citrus_fruit\Citrus-Diseases\leaf_minnor\leaf_minor_036.jpg,leaf_minnor,3024,4032,1213595,JPEG,8839e36d35768666,754,near,train
C:\workstation\3RD YEAR\citrus_fruit\Citrus-Diseases\leaf_minnor\leaf_minor_037.jpg,leaf_minnor,3024,4032,1227564,JPEG,8878e16d3576ce62,755,none,train
C:\workstation\3RD YEAR\citrus_fruit\Citrus-Diseases\leaf_minnor\leaf_minor_038.jpg,leaf_minnor,3024,4032,1194903,JPEG,8c56e06c9e332bcb,756,none,train
C:\workstation\3RD YEAR\citrus_fruit\Citrus-Diseases\leaf_minnor\leaf_minor_039.jpg,leaf_minnor,3024,4032,1107723,JPEG,84566336df3169c9,757,none,test
C:\workstation\3RD YEAR\citrus_fruit\Citrus-Diseases\leaf_minnor\leaf_minor_040.jpg,leaf_minnor,3024,4032,1110890,JPEG,8643633ad9714dcd,758,none,train
C:\workstation\3RD YEAR\citrus_fruit\Citrus-Diseases\leaf_minnor\leaf_minor_041.jpg,leaf_minnor,3024,4032,1112180,JPEG,9e6e672b414189f9,759,none,train
C:\workstation\3RD YEAR\citrus_fruit\Citrus-Diseases\leaf_minnor\leaf_minor_042.jpg,leaf_minnor,3024,4032,1096780,JPEG,9e6e662b434189f9,759,near,train
C:\workstation\3RD YEAR\citrus_fruit\Citrus-Diseases\leaf_minnor\leaf_minor_043.jpg,leaf_minnor,3024,4032,1129987,JPEG,9e66662b434989f9,759,near,train
C:\workstation\3RD YEAR\citrus_fruit\Citrus-Diseases\leaf_minnor\leaf_minor_044.jpg,leaf_minnor,3024,4032,1262001,JPEG,8c56663c3333c9e9,760,none,train
C:\workstation\3RD YEAR\citrus_fruit\Citrus-Diseases\leaf_minnor\leaf_minor_045.jpg,leaf_minnor,3024,4032,1147713,JPEG,d17f0d8d84f6281e,761,none,train
C:\workstation\3RD YEAR\citrus_fruit\Citrus-Diseases\leaf_minnor\leaf_minor_046.jpg,leaf_minnor,3024,4032,1137949,JPEG,d17f0d8dc4f6281a,761,near,train
C:\workstation\3RD YEAR\citrus_fruit\Citrus-Diseases\leaf_minnor\leaf_minor_049.jpg,leaf_minnor,3024,4032,1155562,JPEG,d17f0c84d676281f,762,none,train
C:\workstation\3RD YEAR\citrus_fruit\Citrus-Diseases\leaf_minnor\leaf_minor_050.jpg,leaf_minnor,3024,4032,1146223,JPEG,d97f0484d676281f,762,near,train
C:\workstation\3RD YEAR\citrus_fruit\Citrus-Diseases\leaf_minnor\leaf_minor_051.jpg,leaf_minnor,3024,4032,1117090,JPEG,d17f0484d676299b,762,near,train
C:\workstation\3RD YEAR\citrus_fruit\Citrus-Diseases\leaf_minnor\leaf_minor_052.jpg,leaf_minnor,3024,4032,1105672,JPEG,d97f0484d776089b,763,none,train
C:\workstation\3RD YEAR\citrus_fruit\Citrus-Diseases\leaf_minnor\leaf_minor_053.jpg,leaf_minnor,3024,4032,1134166,JPEG,dd7d0684d776088b,763,near,train
C:\workstation\3RD YEAR\citrus_fruit\Citrus-Diseases\leaf_minnor\leaf_minor_054.jpg,leaf_minnor,3024,4032,1149478,JPEG,d97d02c4d772888f,764,none,val
C:\workstation\3RD YEAR\citrus_fruit\Citrus-Diseases\leaf_minnor\leaf_minor_055.jpg,leaf_minnor,3024,4032,1133706,JPEG,d17d22c4d772888f,764,near,val
C:\workstation\3RD YEAR\citrus_fruit\Citrus-Diseases\leaf_minnor\leaf_minor_056.jpg,leaf_minnor,3024,4032,1147914,JPEG,d17d06c4d772888f,764,near,val
C:\workstation\3RD YEAR\citrus_fruit\Citrus-Diseases\leaf_minnor\leaf_minor_057.jpg,leaf_minnor,3024,4032,1144919,JPEG,d17f0484d776098f,763,near,train
C:\workstation\3RD YEAR\citrus_fruit\Citrus-Diseases\leaf_minnor\leaf_minor_058.jpg,leaf_minnor,3024,4032,1143627,JPEG,c17f058dc6741b9a,765,none,train
C:\workstation\3RD YEAR\citrus_fruit\Citrus-Diseases\leaf_minnor\leaf_minor_059.jpg,leaf_minnor,3024,4032,1143217,JPEG,c17f0d8dc6341b9a,765,near,train
C:\workstation\3RD YEAR\citrus_fruit\Citrus-Diseases\leaf_minnor\leaf_minor_060.jpg,leaf_minnor,3024,4032,1113416,JPEG,c17f0d8dd6341b94,766,none,train
C:\workstation\3RD YEAR\citrus_fruit\Citrus-Diseases\leaf_minnor\leaf_minor_061.jpg,leaf_minnor,3024,4032,1208978,JPEG,dd7f0284d332898f,767,none,test
C:\workstation\3RD YEAR\citrus_fruit\Citrus-Diseases\leaf_minnor\leaf_minor_062.jpg,leaf_minnor,3024,4032,1262217,JPEG,dd6e22ca531289af,768,none,train
C:\workstation\3RD YEAR\citrus_fruit\Citrus-Diseases\leaf_minnor\leaf_minor_063.jpg,leaf_minnor,3024,4032,1219963,JPEG,8b7c0d807633bae3,769,none,train
C:\workstation\3RD YEAR\citrus_fruit\Citrus-Diseases\leaf_minnor\leaf_minor_065.jpg,leaf_minnor,3024,4032,1213062,JPEG,cb7c0d807613bae3,769,near,train
C:\workstation\3RD YEAR\citrus_fruit\Citrus-Diseases\leaf_minnor\leaf_minor_066.jpg,leaf_minnor,3024,4032,1229185,JPEG,8b7c0d80765fbaa1,770,none,train
C:\workstation\3RD YEAR\citrus_fruit\Citrus-Diseases\leaf_minnor\leaf_minor_067.jpg,leaf_minnor,3024,4032,1226162,JPEG,cb7d0d807433bae1,769,near,train
C:\workstation\3RD YEAR\citrus_fruit\Citrus-Diseases\leaf_minnor\leaf_minor_068.jpg,leaf_minnor,3024,4032,1257290,JPEG,cff80d807436b2e5,771,none,val
C:\workstation\3RD YEAR\citrus_fruit\Citrus-Diseases\leaf_minnor\leaf_minor_069.jpg,leaf_minnor,3024,4032,1242297,JPEG,dcf80d817436b4e3,772,none,test
C:\workstation\3RD YEAR\citrus_fruit\Citrus-Diseases\leaf_minnor\leaf_minor_070.jpg,leaf_minnor,3024,4032,1213323,JPEG,dcf01d817436b4e3,772,near,test
C:\workstation\3RD YEAR\citrus_fruit\Citrus-Diseases\leaf_minnor\leaf_minor_071.jpg,leaf_minnor,3024,4032,1101562,JPEG,ef29a0a90d0e8fa7,773,none,val
C:\workstation\3RD YEAR\citrus_fruit\Citrus-Diseases\leaf_minnor\leaf_minor_072.jpg,leaf_minnor,3024,4032,1117795,JPEG,ef29a0a90d0eafa6,773,near,val
C:\workstation\3RD YEAR\citrus_fruit\Citrus-Diseases\leaf_minnor\leaf_minor_074.jpg,leaf_minnor,3024,4032,1075512,JPEG,ae2da0ad0e0e87f6,774,none,test
C:\workstation\3RD YEAR\citrus_fruit\Citrus-Diseases\leaf_minnor\leaf_minor_075.jpg,leaf_minnor,3024,4032,1086094,JPEG,ae2da0bc0e0aa7f6,774,near,test
C:\workstation\3RD YEAR\citrus_fruit\Citrus-Diseases\leaf_minnor\leaf_minor_076.jpg,leaf_minnor,3024,4032,1070749,JPEG,ee25a0bc068eb7f0,775,none,train
C:\workstation\3RD YEAR\citrus_fruit\Citrus-Diseases\leaf_minnor\leaf_minor_078.jpg,leaf_minnor,3024,4032,1249776,JPEG,ee2da0bc0c0ea7f4,776,none,train
C:\workstation\3RD YEAR\citrus_fruit\Citrus-Diseases\leaf_minnor\leaf_minor_079.jpg,leaf_minnor,3024,4032,1252471,JPEG,ee29a0ad0d0a8fb7,773,near,val
C:\workstation\3RD YEAR\citrus_fruit\Citrus-Diseases\leaf_minnor\leaf_minor_080.jpg,leaf_minnor,3024,4032,1274392,JPEG,cc2b22e9191a8faf,777,none,train
C:\workstation\3RD YEAR\citrus_fruit\Citrus-Diseases\leaf_minnor\leaf_minor_081.jpg,leaf_minnor,3024,4032,1270993,JPEG,c97a02fb1b11ade1,778,none,train
C:\workstation\3RD YEAR\citrus_fruit\Citrus-Diseases\leaf_minnor\leaf_minor_082.jpg,leaf_minnor,3024,4032,1255102,JPEG,9a5e562886f2cb74,779,none,val
C:\workstation\3RD YEAR\citrus_fruit\Citrus-Diseases\leaf_minnor\leaf_minor_083.jpg,leaf_minnor,3024,4032,1274745,JPEG,9a5e562886e2cb76,779,near,val
C:\workstation\3RD YEAR\citrus_fruit\Citrus-Diseases\leaf_minnor\leaf_minor_084.jpg,leaf_minnor,3024,4032,1275890,JPEG,9a5e363996631175,780,none,train
C:\workstation\3RD YEAR\citrus_fruit\Citrus-Diseases\leaf_minnor\leaf_minor_085.jpg,leaf_minnor,3024,4032,1258694,JPEG,9e56360996e35974,781,none,train
C:\workstation\3RD YEAR\citrus_fruit\Citrus-Diseases\leaf_minnor\leaf_minor_086.jpg,leaf_minnor,3024,4032,1231130,JPEG,8ad2322d96f35876,782,none,train
C:\workstation\3RD YEAR\citrus_fruit\Citrus-Diseases\leaf_minnor\leaf_minor_087.jpg,leaf_minnor,3024,4032,1206737,JPEG,9a5a3229d6735876,783,none,test
C:\workstation\3RD YEAR\citrus_fruit\Citrus-Diseases\leaf_minnor\leaf_minor_088.jpg,leaf_minnor,3024,4032,1263557,JPEG,8b9f2789a16b1b4c,784,none,val
C:\workstation\3RD YEAR\citrus_fruit\Citrus-Diseases\leaf_minnor\leaf_minor_089.jpg,leaf_minnor,4284,5712,1360064,JPEG,d6f4b78438c8e14b,785,none,train
C:\workstation\3RD YEAR\citrus_fruit\Citrus-Diseases\leaf_minnor\leaf_minor_092.jpg,leaf_minnor,4284,5712,1365305,JPEG,def0b38538c8e14b,785,near,train
C:\workstation\3RD YEAR\citrus_fruit\Citrus-Diseases\leaf_minnor\leaf_minor_093.jpg,leaf_minnor,4284,5712,1378340,JPEG,d6f4b185a8c8e16b,786,none,train
C:\workstation\3RD YEAR\citrus_fruit\Citrus-Diseases\leaf_minnor\leaf_minor_094.jpg,leaf_minnor,4284,5712,1379537,JPEG,d6f4b38528c8e16b,785,near,train
C:\workstation\3RD YEAR\citrus_fruit\Citrus-Diseases\leaf_minnor\leaf_minor_095.jpg,leaf_minnor,4284,5712,1371303,JPEG,d6f6b38438c8e14b,785,near,train
C:\workstation\3RD YEAR\citrus_fruit\Citrus-Diseases\leaf_minnor\leaf_minor_096.jpg,leaf_minnor,4284,5712,1366044,JPEG,d0f6f784b8c8c14b,787,none,train
C:\workstation\3RD YEAR\citrus_fruit\Citrus-Diseases\leaf_minnor\leaf_minor_097.jpg,leaf_minnor,4284,5712,1388367,JPEG,d8f4f78438ca416b,788,none,train
C:\workstation\3RD YEAR\citrus_fruit\Citrus-Diseases\leaf_minnor\leaf_minor_098.jpg,leaf_minnor,4284,5712,1368932,JPEG,d8f7e584b8ca4163,789,none,train
C:\workstation\3RD YEAR\citrus_fruit\Citrus-Diseases\leaf_minnor\leaf_minor_099.jpg,leaf_minnor,4284,5712,1389375,JPEG,d8f76584b8ea4163,789,near,train
C:\workstation\3RD YEAR\citrus_fruit\Citrus-Diseases\leaf_minnor\leaf_minor_100.jpg,leaf_minnor,4284,5712,1369250,JPEG,d8f77584bce34061,790,none,train
C:\workstation\3RD YEAR\citrus_fruit\Citrus-Diseases\leaf_minnor\leaf_minor_101.jpg,leaf_minnor,4284,5712,1357771,JPEG,d8f76784bce36021,790,near,train
C:\workstation\3RD YEAR\citrus_fruit\Citrus-Diseases\leaf_minnor\leaf_minor_102.jpg,leaf_minnor,4284,5712,1361771,JPEG,d8f66784ace2e063,791,none,val
C:\workstation\3RD YEAR\citrus_fruit\Citrus-Diseases\leaf_minnor\leaf_minor_103.jpg,leaf_minnor,4284,5712,1349648,JPEG,d8f26784bce1e063,791,near,val
C:\workstation\3RD YEAR\citrus_fruit\Citrus-Diseases\leaf_minnor\leaf_minor_104.jpg,leaf_minnor,4284,5712,1372433,JPEG,d8f2e6c0ace1e263,792,none,test
C:\workstation\3RD YEAR\citrus_fruit\Citrus-Diseases\leaf_minnor\leaf_minor_105.jpg,leaf_minnor,4284,5712,1362468,JPEG,d8d266c4bce9e063,793,none,train
C:\workstation\3RD YEAR\citrus_fruit\Citrus-Diseases\leaf_minnor\leaf_minor_106.jpg,leaf_minnor,4284,5712,1392048,JPEG,ccf367d4bce16021,794,none,train
C:\workstation\3RD YEAR\citrus_fruit\Citrus-Diseases\leaf_minnor\leaf_minor_107.jpg,leaf_minnor,4284,5712,1407301,JPEG,ccf3a7d437e17001,795,none,test
C:\workstation\3RD YEAR\citrus_fruit\Citrus-Diseases\leaf_minnor\leaf_minor_109.jpg,leaf_minnor,4284,5712,1384092,JPEG,ccd3e7d437e17001,795,near,test
C:\workstation\3RD YEAR\citrus_fruit\Citrus-Diseases\leaf_minnor\leaf_minor_110.jpg,leaf_minnor,4284,5712,1337268,JPEG,ccf323d637e17021,795,near,test
C:\workstation\3RD YEAR\citrus_fruit\Citrus-Diseases\leaf_minnor\leaf_minor_111.jpg,leaf_minnor,4284,5712,1362642,JPEG,d8f7678c3ce06461,796,none,train
C:\workstation\3RD YEAR\citrus_fruit\Citrus-Diseases\leaf_minnor\leaf_minor_112.jpg,leaf_minnor,3024,4032,1239936,JPEG,ced135860de77461,797,none,train
C:\workstation\3RD YEAR\citrus_fruit\Citrus-Diseases\leaf_minnor\leaf_minor_113.jpg,leaf_minnor,4284,5712,1072103,JPEG,e48d93f1f995b011,798,none,train
C:\workstation\3RD YEAR\citrus_fruit\Citrus-Diseases\leaf_minnor\leaf_minor_114.jpg,leaf_minnor,4284,5712,1068596,JPEG,e68599f1fcf1b010,799,none,train
C:\workstation\3RD YEAR\citrus_fruit\Citrus-Diseases\leaf_minnor\leaf_minor_115.jpg,leaf_minnor,4284,5712,1081821,JPEG,e68599f1f8f1b014,799,near,train
C:\workstation\3RD YEAR\citrus_fruit\Citrus-Diseases\leaf_minnor\leaf_minor_116.jpg,leaf_minnor,4284,5712,1081610,JPEG,e68d99f1fcb1b004,799,near,train
C:\workstation\3RD YEAR\citrus_fruit\Citrus-Diseases\leaf_minnor\leaf_minor_117.jpg,leaf_minnor,4284,5712,1076572,JPEG,e68d9bb1f095b214,800,none,train
C:\workstation\3RD YEAR\citrus_fruit\Citrus-Diseases\leaf_minnor\leaf_minor_118.jpg,leaf_minnor,4284,5712,1074251,JPEG,e68999b3f4b3b204,801,none,train
C:\workstation\3RD YEAR\citrus_fruit\Citrus-Diseases\leaf_minnor\leaf_minor_119.jpg,leaf_minnor,4284,5712,1083835,JPEG,e68d99b3e4a7b204,801,near,train
C:\workstation\3RD YEAR\citrus_fruit\Citrus-Diseases\leaf_minnor\leaf_minor_120.jpg,leaf_minnor,4284,5712,1030324,JPEG,f68e99b3e4a3b204,802,none,train
C:\workstation\3RD YEAR\citrus_fruit\Citrus-Diseases\leaf_minnor\leaf_minor_121.jpg,leaf_minnor,4284,5712,1030277,JPEG,f68e99b3e6a38424,803,none,train
C:\workstation\3RD YEAR\citrus_fruit\Citrus-Diseases\leaf_minnor\leaf_minor_122.jpg,leaf_minnor,4284,5712,1072513,JPEG,f69cd1620c4bf0ad,804,none,test
C:\workstation\3RD YEAR\citrus_fruit\Citrus-Diseases\leaf_minnor\leaf_minor_123.jpg,leaf_minnor,4284,5712,1080091,JPEG,f69cf2620c43f0ad,804,near,test
C:\workstation\3RD YEAR\citrus_fruit\Citrus-Diseases\leaf_minnor\leaf_minor_124.jpg,leaf_minnor,4284,5712,1081190,JPEG,ee98f2620c43f1ad,805,none,train
C:\workstation\3RD YEAR\citrus_fruit\Citrus-Diseases\leaf_minnor\leaf_minor_126.jpg,leaf_minnor,3024,4032,906154,JPEG,f69cd1620c5bf1a4,804,near,test
C:\workstation\3RD YEAR\citrus_fruit\Citrus-Diseases\leaf_minnor\leaf_minor_127.jpg,leaf_minnor,3024,4032,900534,JPEG,f79cd16a0c59f0a4,806,none,test
C:\workstation\3RD YEAR\citrus_fruit\Citrus-Diseases\leaf_minnor\leaf_minor_128.jpg,leaf_minnor,3024,4032,898976,JPEG,fe9cd1620c5bf0a4,804,near,test
C:\workstation\3RD YEAR\citrus_fruit\Citrus-Diseases\leaf_minnor\leaf_minor_129.jpg,leaf_minnor,3024,4032,900497,JPEG,f698f2620c0bf1ad,805,near,train
C:\workstation\3RD YEAR\citrus_fruit\Citrus-Diseases\leaf_minnor\leaf_minor_130.jpg,leaf_minnor,3024,4032,870455,JPEG,d698f06a0c0bf1f5,807,none,train
C:\workstation\3RD YEAR\citrus_fruit\Citrus-Diseases\leaf_minnor\leaf_minor_131.jpg,leaf_minnor,3024,4032,903826,JPEG,d499f26a0c03f1f5,807,near,train
C:\workstation\3RD YEAR\citrus_fruit\Citrus-Diseases\leaf_minnor\leaf_minor_132.jpg,leaf_minnor,3024,4032,906524,JPEG,d499fa6a0c03f2d5,808,none,val
C:\workstation\3RD YEAR\citrus_fruit\Citrus-Diseases\leaf_minnor\leaf_minor_133.jpg,leaf_minnor,3024,4032,877393,JPEG,c499fa6a0c03f3d5,808,near,val
C:\workstation\3RD YEAR\citrus_fruit\Citrus-Diseases\leaf_minnor\leaf_minor_134.jpg,leaf_minnor,3024,4032,875592,JPEG,c499fa6b0c03f395,808,near,val
C:\workstation\3RD YEAR\citrus_fruit\Citrus-Diseases\leaf_minnor\leaf_minor_135.jpg,leaf_minnor,3024,4032,856311,JPEG,c499fa6b0c02f3d5,808,near,val
C:\workstation\3RD YEAR\citrus_fruit\Citrus-Diseases\leaf_minnor\leaf_minor_136.jpg,leaf_minnor,3024,4032,855521,JPEG,c499fa6d0c82f355,809,none,train
C:\workstation\3RD YEAR\citrus_fruit\Citrus-Diseases\leaf_minnor\leaf_minor_137.jpg,leaf_minnor,3024,4032,884588,JPEG,c099fb6d0c83f354,809,near,train
C:\workstation\3RD YEAR\citrus_fruit\Citrus-Diseases\leaf_minnor\leaf_minor_138.jpg,leaf_minnor,3024,4032,874830,JPEG,c099fb6d08a3d754,810,none,val
C:\workstation\3RD YEAR\citrus_fruit\Citrus-Diseases\leaf_minnor\leaf_minor_139.jpg,leaf_minnor,3024,4032,884442,JPEG,e099bb6d08a3d754,810,near,val
C:\workstation\3RD YEAR\citrus_fruit\Citrus-Diseases\leaf_minnor\leaf_minor_140.jpg,leaf_minnor,3024,4032,933429,JPEG,d098bb6d0ca3f554,811,none,train
C:\workstation\3RD YEAR\citrus_fruit\Citrus-Diseases\leaf_minnor\leaf_minor_141.jpg,leaf_minnor,3024,4032,954333,JPEG,d698bb690ea1f154,812,none,train
C:\workstation\3RD YEAR\citrus_fruit\Citrus-Diseases\leaf_minnor\leaf_minor_142.jpg,leaf_minnor,3024,4032,955888,JPEG,d68cfb690e21f0d4,813,none,train
C:\workstation\3RD YEAR\citrus_fruit\Citrus-Diseases\leaf_minnor\leaf_minor_143.jpg,leaf_minnor,3024,4032,956438,JPEG,d78cf8690e29f0d4,813,near,train
C:\workstation\3RD YEAR\citrus_fruit\Citrus-Diseases\leaf_minnor\leaf_minor_144.jpg,leaf_minnor,3024,4032,915728,JPEG,d78ef8690e09f0d4,814,none,train
C:\workstation\3RD YEAR\citrus_fruit\Citrus-Diseases\leaf_minnor\leaf_minor_145.jpg,leaf_minnor,3024,4032,932905,JPEG,d78ed82b0e43f0d4,815,none,train
C:\workstation\3RD YEAR\citrus_fruit\Citrus-Diseases\leaf_minnor\leaf_minor_146.jpg,leaf_minnor,3024,4032,942654,JPEG,d79cd82b0e0af2d4,816,none,train
C:\workstation\3RD YEAR\citrus_fruit\Citrus-Diseases\leaf_minnor\leaf_minor_147.jpg,leaf_minnor,3024,4032,928132,JPEG,f79cd06a0c4af29c,817,none,train
C:\workstation\3RD YEAR\citrus_fruit\Citrus-Diseases\leaf_minnor\leaf_minor_148.jpg,leaf_minnor,3024,4032,967926,JPEG,d78ed02a0e4bf0d6,815,near,train
C:\workstation\3RD YEAR\citrus_fruit\Citrus-Diseases\leaf_minnor\leaf_minor_149.jpg,leaf_minnor,3024,4032,937849,JPEG,d78fd02a0e4bf096,818,none,val
C:\workstation\3RD YEAR\citrus_fruit\Citrus-Diseases\leaf_minnor\leaf_minor_150.jpg,leaf_minnor,3024,4032,928659,JPEG,f78ed1320c4bf0d4,819,none,test
C:\workstation\3RD YEAR\citrus_fruit\Citrus-Diseases\leaf_minnor\leaf_minor_151.jpg,leaf_minnor,3024,4032,906657,JPEG,b78f91320e4bf0d4,819,near,test
C:\workstation\3RD YEAR\citrus_fruit\Citrus-Diseases\leaf_minnor\leaf_minor_152.jpg,leaf_minnor,3024,4032,917967,JPEG,b78f903a0e4bf0d4,820,none,train
C:\workstation\3RD YEAR\citrus_fruit\Citrus-Diseases\leaf_minnor\leaf_minor_153.jpg,leaf_minnor,3024,4032,927249,JPEG,f38f91300e4bf0d6,821,none,train
C:\workstation\3RD YEAR\citrus_fruit\Citrus-Diseases\leaf_minnor\leaf_minor_155.jpg,leaf_minnor,3024,4032,930231,JPEG,f38794100e4bf9d6,822,none,train
C:\workstation\3RD YEAR\citrus_fruit\Citrus-Diseases\leaf_minnor\leaf_minor_156.jpg,leaf_minnor,3024,4032,929413,JPEG,f3879418067bf8c6,823,none,train
C:\workstation\3RD YEAR\citrus_fruit\Citrus-Diseases\leaf_minnor\leaf_minor_157.jpg,leaf_minnor,3024,4032,939421,JPEG,f68e91714e5af0c4,824,none,train
C:\workstation\3RD YEAR\citrus_fruit\Citrus-Diseases\leaf_minnor\leaf_minor_158.jpg,leaf_minnor,3024,4032,951216,JPEG,f69c91730c4af394,825,none,train
C:\workstation\3RD YEAR\citrus_fruit\Citrus-Diseases\leaf_minnor\leaf_minor_159.jpg,leaf_minnor,3024,4032,942745,JPEG,ecbc93121948e7f4,826,none,train
C:\workstation\3RD YEAR\citrus_fruit\Citrus-Diseases\leaf_minnor\leaf_minor_160.jpg,leaf_minnor,3024,4032,912131,JPEG,ecac91921a69e7e4,827,none,test
C:\workstation\3RD YEAR\citrus_fruit\Citrus-Diseases\leaf_minnor\leaf_minor_161.jpg,leaf_minnor,3024,4032,910396,JPEG,e694d19a1a0de6f2,828,none,train
C:\workstation\3RD YEAR\citrus_fruit\Citrus-Diseases\leaf_minnor\leaf_minor_162.jpg,leaf_minnor,3024,4032,958062,JPEG,d698d16a0c4ff394,829,none,test
C:\workstation\3RD YEAR\citrus_fruit\Citrus-Diseases\leaf_minnor\leaf_minor_163.jpg,leaf_minnor,3024,4032,953927,JPEG,d698d16a0c4bf39c,829,near,test
C:\workstation\3RD YEAR\citrus_fruit\Citrus-Diseases\leaf_minnor\leaf_minor_164.jpg,leaf_minnor,3024,4032,923103,JPEG,d79cd16a0c4bf09c,817,near,train
C:\workstation\3RD YEAR\citrus_fruit\Citrus-Diseases\leaf_minnor\leaf_minor_165.jpg,leaf_minnor,3024,4032,907113,JPEG,f69cf06a0c4af09d,817,near,train
C:\workstation\3RD YEAR\citrus_fruit\Citrus-Diseases\leaf_minnor\leaf_minor_166.jpg,leaf_minnor,3024,4032,896299,JPEG,f79dd16a0c4af08c,817,near,train
C:\workstation\3RD YEAR\citrus_fruit\Citrus-Diseases\leaf_minnor\leaf_minor_167.jpg,leaf_minnor,3024,4032,907536,JPEG,f79df02a0c62f095,830,none,train
C:\workstation\3RD YEAR\citrus_fruit\Citrus-Diseases\leaf_minnor\leaf_minor_168.jpg,leaf_minnor,3024,4032,912267,JPEG,e79dd92a0c62f08d,831,none,test
C:\workstation\3RD YEAR\citrus_fruit\Citrus-Diseases\leaf_minnor\leaf_minor_169.jpg,leaf_minnor,3024,4032,906319,JPEG,c499fb6a0c62f299,832,none,train
C:\workstation\3RD YEAR\citrus_fruit\Citrus-Diseases\leaf_minnor\leaf_minor_170.jpg,leaf_minnor,3024,4032,881828,JPEG,c698fb2b0c63f291,833,none,val
C:\workstation\3RD YEAR\citrus_fruit\Citrus-Diseases\leaf_minnor\leaf_minor_171.jpg,leaf_minnor,3024,4032,901632,JPEG,d698fb290c63f294,833,near,val
C:\workstation\3RD YEAR\citrus_fruit\Citrus-Diseases\leaf_minnor\leaf_minor_172.jpg,leaf_minnor,3024,4032,920458,JPEG,d68cb9290ee1fa94,834,none,train
C:\workstation\3RD YEAR\citrus_fruit\Citrus-Diseases\leaf_minnor\leaf_minor_173.jpg,leaf_minnor,3024,4032,941802,JPEG,d698bb290ce1f29c,835,none,train
C:\workstation\3RD YEAR\citrus_fruit\Citrus-Diseases\leaf_minnor\leaf_minor_174.jpg,leaf_minnor,3024,4032,934656,JPEG,d298bb250ee1f19c,836,none,train
C:\workstation\3RD YEAR\citrus_fruit\Citrus-Diseases\leaf_minnor\leaf_minor_175.jpg,leaf_minnor,3024,4032,917715,JPEG,d29cb9250ee1f89c,836,near,train
C:\workstation\3RD YEAR\citrus_fruit\Citrus-Diseases\leaf_minnor\leaf_minor_176.jpg,leaf_minnor,3024,4032,922234,JPEG,d28cbd2506e1f8dc,837,none,train
C:\workstation\3RD YEAR\citrus_fruit\Citrus-Diseases\leaf_minnor\leaf_minor_177.jpg,leaf_minnor,3024,4032,924047,JPEG,d29cbd250ee1d15c,838,none,train
C:\workstation\3RD YEAR\citrus_fruit\Citrus-Diseases\leaf_minnor\leaf_minor_178.jpg,leaf_minnor,3024,4032,922859,JPEG,d29caf250ee1d15c,838,near,train
C:\workstation\3RD YEAR\citrus_fruit\Citrus-Diseases\leaf_minnor\leaf_minor_179.jpg,leaf_minnor,3024,4032,930329,JPEG,d69cb9290ee1f05c,839,none,train
C:\workstation\3RD YEAR\citrus_fruit\Citrus-Diseases\leaf_minnor\leaf_minor_180.jpg,leaf_minnor,3024,4032,930137,JPEG,f78df92a0e22f205,840,none,val
C:\workstation\3RD YEAR\citrus_fruit\Citrus-Diseases\leaf_minnor\leaf_minor_181.jpg,leaf_minnor,3024,4032,866816,JPEG,b38798184679f2d5,841,none,train
C:\workstation\3RD YEAR\citrus_fruit\Citrus-Diseases\leaf_minnor\leaf_minor_182.jpg,leaf_minnor,3024,4032,857268,JPEG,e68f91300e6bf2d4,842,none,val
C:\workstation\3RD YEAR\citrus_fruit\Citrus-Diseases\leaf_minnor\leaf_minor_183.jpg,leaf_minnor,3024,4032,849231,JPEG,f68e91310c7bf294,843,none,train
C:\workstation\3RD YEAR\citrus_fruit\Citrus-Diseases\leaf_minnor\leaf_minor_184.jpg,leaf_minnor,3024,4032,828788,JPEG,e69eb3310c72f48c,844,none,test
C:\workstation\3RD YEAR\citrus_fruit\Citrus-Diseases\leaf_minnor\leaf_minor_185.jpg,leaf_minnor,3024,4032,821619,JPEG,e68e91314e72f487,845,none,train
C:\workstation\3RD YEAR\citrus_fruit\Citrus-Diseases\leaf_minnor\leaf_minor_186.jpg,leaf_minnor,3024,4032,868492,JPEG,f38e9d110673f886,846,none,train
C:\workstation\3RD YEAR\citrus_fruit\Citrus-Diseases\leaf_minnor\leaf_minor_187.jpg,leaf_minnor,3024,4032,857866,JPEG,f38e9d110673b88e,846,near,train
C:\workstation\3RD YEAR\citrus_fruit\Citrus-Diseases\leaf_minnor\leaf_minor_188.jpg,leaf_minnor,3024,4032,852260,JPEG,f38e85310e73f886,846,near,train
C:\workstation\3RD YEAR\citrus_fruit\Citrus-Diseases\leaf_minnor\leaf_minor_189.jpg,leaf_minnor,3024,4032,860924,JPEG,f69e91330c52f394,825,near,train
C:\workstation\3RD YEAR\citrus_fruit\Citrus-Diseases\leaf_minnor\leaf_minor_190.jpg,leaf_minnor,3024,4032,910077,JPEG,f79d91320e4bf094,847,none,val
C:\workstation\3RD YEAR\citrus_fruit\Citrus-Diseases\leaf_minnor\leaf_minor_191.jpg,leaf_minnor,3024,4032,893230,JPEG,e69df1620c42f29d,848,none,train
C:\workstation\3RD YEAR\citrus_fruit\Citrus-Diseases\leaf_minnor\leaf_minor_192.jpg,leaf_minnor,3024,4032,884231,JPEG,e499fa6a0d42f299,832,near,train
C:\workstation\3RD YEAR\citrus_fruit\Citrus-Diseases\leaf_minnor\leaf_minor_193.jpg,leaf_minnor,4284,5712,1563592,JPEG,cc9633c2f859c63c,849,none,train
C:\workstation\3RD YEAR\citrus_fruit\Citrus-Diseases\leaf_minnor\leaf_minor_196.jpg,leaf_minnor,3024,4032,1290929,JPEG,c69231c2f85ec63e,850,none,val
C:\workstation\3RD YEAR\citrus_fruit\Citrus-Diseases\leaf_minnor\leaf_minor_197.jpg,leaf_minnor,3024,4032,1304576,JPEG,c69231c2fe1e863e,850,near,val
C:\workstation\3RD YEAR\citrus_fruit\Citrus-Diseases\leaf_minnor\leaf_minor_199.jpg,leaf_minnor,3024,4032,1287665,JPEG,ce9231c2fc5e863c,850,near,val
C:\workstation\3RD YEAR\citrus_fruit\Citrus-Diseases\leaf_minnor\leaf_minor_201.jpg,leaf_minnor,3024,4032,1301173,JPEG,c68231c2fe5cc63e,850,near,val
C:\workstation\3RD YEAR\citrus_fruit\Citrus-Diseases\leaf_minnor\leaf_minor_202.jpg,leaf_minnor,3024,4032,1301747,JPEG,c6c231e3f858c2be,851,none,val
C:\workstation\3RD YEAR\citrus_fruit\Citrus-Diseases\leaf_minnor\leaf_minor_203.jpg,leaf_minnor,3024,4032,1304667,JPEG,c6c239e1ea58c2ee,852,none,train
C:\workstation\3RD YEAR\citrus_fruit\Citrus-Diseases\leaf_minnor\leaf_minor_204.jpg,leaf_minnor,3024,4032,1325652,JPEG,cec231c3ec18c6be,853,none,train
C:\workstation\3RD YEAR\citrus_fruit\Citrus-Diseases\leaf_minnor\leaf_minor_205.jpg,leaf_minnor,3024,4032,1332741,JPEG,c6c239c1ee1cc2be,854,none,train
C:\workstation\3RD YEAR\citrus_fruit\Citrus-Diseases\leaf_minnor\leaf_minor_206.jpg,leaf_minnor,3024,4032,1323035,JPEG,c2c238c1ef1cc3be,854,near,train
C:\workstation\3RD YEAR\citrus_fruit\Citrus-Diseases\leaf_minnor\leaf_minor_207.jpg,leaf_minnor,3024,4032,1314571,JPEG,c3c238d0ef1cc1af,855,none,val
C:\workstation\3RD YEAR\citrus_fruit\Citrus-Diseases\leaf_minnor\leaf_minor_208.jpg,leaf_minnor,3024,4032,1301315,JPEG,c3c238d1e71cc1af,855,near,val
C:\workstation\3RD YEAR\citrus_fruit\Citrus-Diseases\leaf_minnor\leaf_minor_210.jpg,leaf_minnor,3024,4032,1320060,JPEG,c3c2bc90e50fc1af,856,none,train
C:\workstation\3RD YEAR\citrus_fruit\Citrus-Diseases\leaf_minnor\leaf_minor_211.jpg,leaf_minnor,3024,4032,1299448,JPEG,83839811ed0fc3bf,857,none,val
C:\workstation\3RD YEAR\citrus_fruit\Citrus-Diseases\leaf_minnor\leaf_minor_212.jpg,leaf_minnor,3024,4032,1298544,JPEG,87829811ee0fe3be,858,none,train
C:\workstation\3RD YEAR\citrus_fruit\Citrus-Diseases\leaf_minnor\leaf_minor_213.jpg,leaf_minnor,3024,4032,1397838,JPEG,c68231c3ef1cc2be,854,near,train
C:\workstation\3RD YEAR\citrus_fruit\Citrus-Diseases\leaf_minnor\leaf_minor_214.jpg,leaf_minnor,3024,4032,1392846,JPEG,8e8331c6fc11acbd,859,none,train
C:\workstation\3RD YEAR\citrus_fruit\Citrus-Diseases\leaf_minnor\leaf_minor_215.jpg,leaf_minnor,3024,4032,1324497,JPEG,c6aa31c67c16a63d,860,none,train
C:\workstation\3RD YEAR\citrus_fruit\Citrus-Diseases\leaf_minnor\leaf_minor_216.jpg,leaf_minnor,3024,4032,1304156,JPEG,c4a931c7e81ace3e,861,none,train
C:\workstation\3RD YEAR\citrus_fruit\Citrus-Diseases\leaf_minnor\leaf_minor_217.jpg,leaf_minnor,3024,4032,1319173,JPEG,cca331cfe810ce3e,862,none,train
C:\workstation\3RD YEAR\citrus_fruit\Citrus-Diseases\leaf_minnor\leaf_minor_218.jpg,leaf_minnor,3024,4032,1312012,JPEG,cca931c5e81ace3e,861,near,train
C:\workstation\3RD YEAR\citrus_fruit\Citrus-Diseases\leaf_minnor\leaf_minor_219.jpg,leaf_minnor,3024,4032,1306573,JPEG,c6a93145ec03cf2f,863,none,train
C:\workstation\3RD YEAR\citrus_fruit\Citrus-Diseases\leaf_minnor\leaf_minor_220.jpg,leaf_minnor,3024,4032,1273855,JPEG,c6b935456c03cf2d,863,near,train
C:\workstation\3RD YEAR\citrus_fruit\Citrus-Diseases\leaf_minnor\leaf_minor_221.jpg,leaf_minnor,3024,4032,1268883,JPEG,c6b931c75d438725,864,none,train
C:\workstation\3RD YEAR\citrus_fruit\Citrus-Diseases\leaf_minnor\leaf_minor_222.jpg,leaf_minnor,3024,4032,1270485,JPEG,c7bb38d44d51c307,865,none,test
C:\workstation\3RD YEAR\citrus_fruit\Citrus-Diseases\leaf_minnor\leaf_minor_223.jpg,leaf_minnor,3024,4032,1300172,JPEG,cebb3184dc53c703,866,none,train
C:\workstation\3RD YEAR\citrus_fruit\Citrus-Diseases\leaf_minnor\leaf_minor_224.jpg,leaf_minnor,3024,4032,1258098,JPEG,ceba3184dc53c713,866,near,train
C:\workstation\3RD YEAR\citrus_fruit\Citrus-Diseases\leaf_minnor\leaf_minor_225.jpg,leaf_minnor,3024,4032,1217549,JPEG,ccba7384da565626,867,none,train
C:\workstation\3RD YEAR\citrus_fruit\Citrus-Diseases\leaf_minnor\leaf_minor_226.jpg,leaf_minnor,3024,4032,1213201,JPEG,ccbab184d9534736,868,none,val
C:\workstation\3RD YEAR\citrus_fruit\Citrus-Diseases\leaf_minnor\leaf_minor_227.jpg,leaf_minnor,4284,5712,1573189,JPEG,8c0671aef3315979,869,none,train
C:\workstation\3RD YEAR\citrus_fruit\Citrus-Diseases\leaf_minnor\leaf_minor_228.jpg,leaf_minnor,4284,5712,1559203,JPEG,8c0671afe3315979,869,near,train
C:\workstation\3RD YEAR\citrus_fruit\Citrus-Diseases\leaf_minnor\leaf_minor_229.jpg,leaf_minnor,3024,4032,1280350,JPEG,8e4671a4b3315d79,870,none,train
C:\workstation\3RD YEAR\citrus_fruit\Citrus-Diseases\leaf_minnor\leaf_minor_230.jpg,leaf_minnor,3024,4032,1343987,JPEG,8e4671a4f1315d79,870,near,train
C:\workstation\3RD YEAR\citrus_fruit\Citrus-Diseases\leaf_minnor\leaf_minor_231.jpg,leaf_minnor,3024,4032,1328071,JPEG,8c4671b1f3315979,871,none,train
C:\workstation\3RD YEAR\citrus_fruit\Citrus-Diseases\leaf_minnor\leaf_minor_232.jpg,leaf_minnor,3024,4032,1318153,JPEG,8c4673b1f230db71,872,none,test
C:\workstation\3RD YEAR\citrus_fruit\Citrus-Diseases\leaf_minnor\leaf_minor_233.jpg,leaf_minnor,3024,4032,1312182,JPEG,8c0677b1f2384b79,873,none,train
C:\workstation\3RD YEAR\citrus_fruit\Citrus-Diseases\leaf_minnor\leaf_minor_234.jpg,leaf_minnor,3024,4032,1296844,JPEG,8c0e76b1f3384979,873,near,train
C:\workstation\3RD YEAR\citrus_fruit\Citrus-Diseases\leaf_minnor\leaf_minor_235.jpg,leaf_minnor,3024,4032,1305831,JPEG,8c0e77b1e3384979,873,near,train
C:\workstation\3RD YEAR\citrus_fruit\Citrus-Diseases\leaf_minnor\leaf_minor_236.jpg,leaf_minnor,3024,4032,1286182,JPEG,8c4673b1f3384979,871,near,train
C:\workstation\3RD YEAR\citrus_fruit\Citrus-Diseases\leaf_minnor\leaf_minor_237.jpg,leaf_minnor,3024,4032,1286274,JPEG,8c4673b0f33b4978,874,none,train
C:\workstation\3RD YEAR\citrus_fruit\Citrus-Diseases\leaf_minnor\leaf_minor_239.jpg,leaf_minnor,3024,4032,1294803,JPEG,8e4673b0f139c978,874,near,train
C:\workstation\3RD YEAR\citrus_fruit\Citrus-Diseases\leaf_minnor\leaf_minor_240.jpg,leaf_minnor,3024,4032,1274587,JPEG,8e4671b0f938cd78,875,none,train
C:\workstation\3RD YEAR\citrus_fruit\Citrus-Diseases\leaf_minnor\leaf_minor_241.jpg,leaf_minnor,3024,4032,1310627,JPEG,864671b0f978cc79,875,near,train
C:\workstation\3RD YEAR\citrus_fruit\Citrus-Diseases\leaf_minnor\leaf_minor_242.jpg,leaf_minnor,3024,4032,1288826,JPEG,864679b8f9784c59,876,none,train
C:\workstation\3RD YEAR\citrus_fruit\Citrus-Diseases\leaf_minnor\leaf_minor_243.jpg,leaf_minnor,3024,4032,1305989,JPEG,864678b8f978dc58,876,near,train
C:\workstation\3RD YEAR\citrus_fruit\Citrus-Diseases\leaf_minnor\leaf_minor_244.jpg,leaf_minnor,3024,4032,1289099,JPEG,8e4e70b8f971d858,877,none,test
C:\workstation\3RD YEAR\citrus_fruit\Citrus-Diseases\leaf_minnor\leaf_minor_245.jpg,leaf_minnor,3024,4032,1299038,JPEG,8c5cf0b8f371d852,878,none,train
C:\workstation\3RD YEAR\citrus_fruit\Citrus-Diseases\leaf_minnor\leaf_minor_246.jpg,leaf_minnor,3024,4032,1314695,JPEG,8e5cf0b8f178d8d0,879,none,train
C:\workstation\3RD YEAR\citrus_fruit\Citrus-Diseases\leaf_minnor\leaf_minor_247.jpg,leaf_minnor,3024,4032,1332455,JPEG,8e5df0b8d178d8d0,879,near,train
C:\workstation\3RD YEAR\citrus_fruit\Citrus-Diseases\leaf_minnor\leaf_minor_248.jpg,leaf_minnor,3024,4032,1296177,JPEG,8c5cf0b8d178d8d5,879,near,train
C:\workstation\3RD YEAR\citrus_fruit\Citrus-Diseases\leaf_minnor\leaf_minor_249.jpg,leaf_minnor,3024,4032,1304818,JPEG,8c5cf0b0f370d0f5,880,none,train
C:\workstation\3RD YEAR\citrus_fruit\Citrus-Diseases\leaf_minnor\leaf_minor_250.jpg,leaf_minnor,3024,4032,1303877,JPEG,8c58e1b0d37190ff,881,none,train
C:\workstation\3RD YEAR\citrus_fruit\Citrus-Diseases\leaf_minnor\leaf_minor_252.jpg,leaf_minnor,3024,4032,1371180,JPEG,8e5ef0b0c17890fd,882,none,train
C:\workstation\3RD YEAR\citrus_fruit\Citrus-Diseases\leaf_minnor\leaf_minor_254.jpg,leaf_minnor,3024,4032,1358548,JPEG,8e5af1b0d17190f9,883,none,test
C:\workstation\3RD YEAR\citrus_fruit\Citrus-Diseases\leaf_minnor\leaf_minor_255.jpg,leaf_minnor,3024,4032,1375258,JPEG,8e5cf1b0d17190f9,883,near,test
C:\workstation\3RD YEAR\citrus_fruit\Citrus-Diseases\leaf_minnor\leaf_minor_256.jpg,leaf_minnor,3024,4032,1403570,JPEG,8c5cf1b0d37190f9,881,near,train
C:\workstation\3RD YEAR\citrus_fruit\Citrus-Diseases\leaf_minnor\leaf_minor_257.jpg,leaf_minnor,3024,4032,1389687,JPEG,8e5cf030f37190f9,884,none,train
C:\workstation\3RD YEAR\citrus_fruit\Citrus-Diseases\leaf_minnor\leaf_minor_258.jpg,leaf_minnor,3024,4032,1391769,JPEG,8c5c7130e36995f9,885,none,train
C:\workstation\3RD YEAR\citrus_fruit\Citrus-Diseases\leaf_minnor\leaf_minor_259.jpg,leaf_minnor,3024,4032,1382538,JPEG,8e5c7120e7699579,885,near,train
C:\workstation\3RD YEAR\citrus_fruit\Citrus-Diseases\leaf_minnor\leaf_minor_260.jpg,leaf_minnor,3024,4032,1370608,JPEG,8e5e782ce3699478,886,none,train
C:\workstation\3RD YEAR\citrus_fruit\Citrus-Diseases\leaf_minnor\leaf_minor_261.jpg,leaf_minnor,3024,4032,1283181,JPEG,8e5e792ce7611478,886,near,train
C:\workstation\3RD YEAR\citrus_fruit\Citrus-Diseases\leaf_minnor\leaf_minor_262.jpg,leaf_minnor,3024,4032,1324009,JPEG,8c5e692ce76114fc,887,none,train
C:\workstation\3RD YEAR\citrus_fruit\Citrus-Diseases\leaf_minnor\leaf_minor_263.jpg,leaf_minnor,3024,4032,1383910,JPEG,8c5c612ce76b30f9,888,none,test
C:\workstation\3RD YEAR\citrus_fruit\Citrus-Diseases\leaf_minnor\leaf_minor_264.jpg,leaf_minnor,3024,4032,1392259,JPEG,9c5ce320e76391f1,889,none,train
C:\workstation\3RD YEAR\citrus_fruit\Citrus-Diseases\leaf_minnor\leaf_minor_265.jpg,leaf_minnor,3024,4032,1342610,JPEG,9910e7a2c76391fc,890,none,train
C:\workstation\3RD YEAR\citrus_fruit\Citrus-Diseases\leaf_minnor\leaf_minor_266.jpg,leaf_minnor,4284,5712,1501415,JPEG,8cd9314fb55ca874,891,none,val
C:\workstation\3RD YEAR\citrus_fruit\Citrus-Diseases\leaf_minnor\leaf_minor_267.jpg,leaf_minnor,4284,5712,1488886,JPEG,8ed931479558ac7c,892,none,train
C:\workstation\3RD YEAR\citrus_fruit\Citrus-Diseases\leaf_minnor\leaf_minor_268.jpg,leaf_minnor,3024,4032,1364144,JPEG,8ed93106b55a8e7c,893,none,train
C:\workstation\3RD YEAR\citrus_fruit\Citrus-Diseases\leaf_minnor\leaf_minor_270.jpg,leaf_minnor,3024,4032,1374156,JPEG,8ccb310f965b887d,894,none,val
C:\workstation\3RD YEAR\citrus_fruit\Citrus-Diseases\leaf_minnor\leaf_minor_271.jpg,leaf_minnor,3024,4032,1393841,JPEG,8cc3330fb64ba875,895,none,val
C:\workstation\3RD YEAR\citrus_fruit\Citrus-Diseases\leaf_minnor\leaf_minor_272.jpg,leaf_minnor,3024,4032,1372092,JPEG,99c7270db649a875,896,none,train
C:\workstation\3RD YEAR\citrus_fruit\Citrus-Diseases\leaf_minnor\leaf_minor_273.jpg,leaf_minnor,3024,4032,1350610,JPEG,9cc3370db649a876,897,none,train
C:\workstation\3RD YEAR\citrus_fruit\Citrus-Diseases\leaf_minnor\leaf_minor_274.jpg,leaf_minnor,3024,4032,1358208,JPEG,8cc33347be4ca87a,898,none,train
C:\workstation\3RD YEAR\citrus_fruit\Citrus-Diseases\leaf_minnor\leaf_minor_275.jpg,leaf_minnor,3024,4032,1358423,JPEG,8cc333459e4dac7a,898,near,train
C:\workstation\3RD YEAR\citrus_fruit\Citrus-Diseases\leaf_minnor\leaf_minor_276.jpg,leaf_minnor,3024,4032,1317144,JPEG,8cc133469b6cad7a,899,none,train
C:\workstation\3RD YEAR\citrus_fruit\Citrus-Diseases\leaf_minnor\leaf_minor_277.jpg,leaf_minnor,3024,4032,1364169,JPEG,8cc323449b68fdea,900,none,test
C:\workstation\3RD YEAR\citrus_fruit\Citrus-Diseases\leaf_minnor\leaf_minor_278.jpg,leaf_minnor,3024,4032,1316182,JPEG,8cc333469b28fcea,900,near,test
C:\workstation\3RD YEAR\citrus_fruit\Citrus-Diseases\leaf_minnor\leaf_minor_279.jpg,leaf_minnor,3024,4032,1369825,JPEG,9cc0a3659b22fdaa,901,none,train
C:\workstation\3RD YEAR\citrus_fruit\Citrus-Diseases\leaf_minnor\leaf_minor_280.jpg,leaf_minnor,3024,4032,1339873,JPEG,8cc3a3449b2afdaa,900,near,test
C:\workstation\3RD YEAR\citrus_fruit\Citrus-Diseases\leaf_minnor\leaf_minor_281.jpg,leaf_minnor,3024,4032,1380952,JPEG,99c1a6459b22d9eb,902,none,test
C:\workstation\3RD YEAR\citrus_fruit\Citrus-Diseases\leaf_minnor\leaf_minor_282.jpg,leaf_minnor,3024,4032,1347343,JPEG,8cc3a3449f2addaa,903,none,train
C:\workstation\3RD YEAR\citrus_fruit\Citrus-Diseases\leaf_minnor\leaf_minor_283.jpg,leaf_minnor,3024,4032,1126217,JPEG,9cc2a3459f22ddaa,901,near,train
C:\workstation\3RD YEAR\citrus_fruit\Citrus-Diseases\leaf_minnor\leaf_minor_284.jpg,leaf_minnor,3024,4032,1336357,JPEG,8ec033479b2addaa,904,none,val
C:\workstation\3RD YEAR\citrus_fruit\Citrus-Diseases\leaf_minnor\leaf_minor_285.jpg,leaf_minnor,3024,4032,1349116,JPEG,8cc13347924eadfa,905,none,train
C:\workstation\3RD YEAR\citrus_fruit\Citrus-Diseases\leaf_minnor\leaf_minor_286.jpg,leaf_minnor,3024,4032,1366247,JPEG,9cc7270cb65d88f4,906,none,train
C:\workstation\3RD YEAR\citrus_fruit\Citrus-Diseases\leaf_minnor\leaf_minor_287.jpg,leaf_minnor,3024,4032,1352842,JPEG,9cc3274eb658a3e4,907,none,val
C:\workstation\3RD YEAR\citrus_fruit\Citrus-Diseases\leaf_minnor\leaf_minor_288.jpg,leaf_minnor,3024,4032,1354090,JPEG,9cc3334eb6588af1,908,none,test
C:\workstation\3RD YEAR\citrus_fruit\Citrus-Diseases\leaf_minnor\leaf_minor_289.jpg,leaf_minnor,3024,4032,1345494,JPEG,8cd3334eb55c2ee0,909,none,train
C:\workstation\3RD YEAR\citrus_fruit\Citrus-Diseases\leaf_minnor\leaf_minor_290.jpg,leaf_minnor,3024,4032,1337640,JPEG,8ed9314ebd582ee0,910,none,test
C:\workstation\3RD YEAR\citrus_fruit\Citrus-Diseases\leaf_minnor\leaf_minor_291.jpg,leaf_minnor,3024,4032,1318021,JPEG,8ed8314fbd582ee0,910,near,test
C:\workstation\3RD YEAR\citrus_fruit\Citrus-Diseases\leaf_minnor\leaf_minor_292.jpg,leaf_minnor,3024,4032,1298957,JPEG,86dc3147bc5c2ee1,911,none,test
C:\workstation\3RD YEAR\citrus_fruit\Citrus-Diseases\leaf_minnor\leaf_minor_293.jpg,leaf_minnor,3024,4032,1326227,JPEG,86dc3147bd582ee1,911,near,test
C:\workstation\3RD YEAR\citrus_fruit\Citrus-Diseases\leaf_minnor\leaf_minor_294.jpg,leaf_minnor,3024,4032,1344609,JPEG,8ed9314ebd582ae1,910,near,test
C:\workstation\3RD YEAR\citrus_fruit\Citrus-Diseases\leaf_minnor\leaf_minor_295.jpg,leaf_minnor,3024,4032,1335311,JPEG,8ccb334eb7780ae1,912,none,train
C:\workstation\3RD YEAR\citrus_fruit\Citrus-Diseases\leaf_minnor\leaf_minor_296.jpg,leaf_minnor,3024,4032,1773537,JPEG,b40d25279bd3e9a4,913,none,test
C:\workstation\3RD YEAR\citrus_fruit\Citrus-Diseases\leaf_minnor\leaf_minor_297.jpg,leaf_minnor,4284,5712,1504576,JPEG,da0e27f2914a5d6c,914,none,train
C:\workstation\3RD YEAR\citrus_fruit\Citrus-Diseases\leaf_minnor\leaf_minor_298.jpg,leaf_minnor,4284,5712,1407365,JPEG,da0eb6d1d84c5476,915,none,train
C:\workstation\3RD YEAR\citrus_fruit\Citrus-Diseases\leaf_minnor\leaf_minor_299.jpg,leaf_minnor,3024,4032,1241698,JPEG,c916b7d8d82e5472,916,none,train
C:\workstation\3RD YEAR\citrus_fruit\Citrus-Diseases\leaf_minnor\leaf_minor_300.jpg,leaf_minnor,3024,4032,1221925,JPEG,db06a7dad82c5472,917,none,train
C:\workstation\3RD YEAR\citrus_fruit\Citrus-Diseases\leaf_minnor\leaf_minor_301.jpg,leaf_minnor,4284,5712,1452648,JPEG,cc16b7d9d88c5459,918,none,train
C:\workstation\3RD YEAR\citrus_fruit\Citrus-Diseases\leaf_minnor\leaf_minor_302.jpg,leaf_minnor,4284,5712,1406887,JPEG,cc06b3ebd88e464d,919,none,train
C:\workstation\3RD YEAR\citrus_fruit\Citrus-Diseases\leaf_minnor\leaf_minor_303.jpg,leaf_minnor,3024,4032,1370551,JPEG,dc1fb6ebd88c4058,920,none,train
C:\workstation\3RD YEAR\citrus_fruit\Citrus-Diseases\leaf_minnor\leaf_minor_304.jpg,leaf_minnor,3024,4032,1389703,JPEG,dc1716ebd88c4e4c,921,none,train
C:\workstation\3RD YEAR\citrus_fruit\Citrus-Diseases\leaf_minnor\leaf_minor_305.jpg,leaf_minnor,3024,4032,1319236,JPEG,ce1cd6f7d9cc400c,922,none,val
C:\workstation\3RD YEAR\citrus_fruit\Citrus-Diseases\leaf_minnor\leaf_minor_306.jpg,leaf_minnor,3024,4032,1302398,JPEG,ce1693a5cdc4664e,923,none,val
C:\workstation\3RD YEAR\citrus_fruit\Citrus-Diseases\leaf_minnor\leaf_minor_307.jpg,leaf_minnor,3024,4032,1333789,JPEG,ce1713a1cdc6674a,924,none,val
C:\workstation\3RD YEAR\citrus_fruit\Citrus-Diseases\leaf_minnor\leaf_minor_308.jpg,leaf_minnor,3024,4032,1302834,JPEG,dc1eb6ead88c4255,925,none,train
C:\workstation\3RD YEAR\citrus_fruit\Citrus-Diseases\leaf_minnor\leaf_minor_309.jpg,leaf_minnor,3024,4032,1331407,JPEG,d83eb6c8d888467d,926,none,test
C:\workstation\3RD YEAR\citrus_fruit\Citrus-Diseases\leaf_minnor\leaf_minor_310.jpg,leaf_minnor,3024,4032,1313635,JPEG,cc1eb7c8d8aa5455,927,none,train
C:\workstation\3RD YEAR\citrus_fruit\Citrus-Diseases\leaf_minnor\leaf_minor_311.jpg,leaf_minnor,3024,4032,1379820,JPEG,cc16b7c8d8ae445d,927,near,train
C:\workstation\3RD YEAR\citrus_fruit\Citrus-Diseases\leaf_minnor\leaf_minor_312.jpg,leaf_minnor,3024,4032,1375467,JPEG,d81eb6dad9885c58,928,none,val
C:\workstation\3RD YEAR\citrus_fruit\Citrus-Diseases\leaf_minnor\leaf_minor_313.jpg,leaf_minnor,3024,4032,1362343,JPEG,dc1eb7d8c8885c78,929,none,train
C:\workstation\3RD YEAR\citrus_fruit\Citrus-Diseases\leaf_minnor\leaf_minor_314.jpg,leaf_minnor,3024,4032,1380888,JPEG,d91cb6d2d9485c78,930,none,train
C:\workstation\3RD YEAR\citrus_fruit\Citrus-Diseases\leaf_minnor\leaf_minor_315.jpg,leaf_minnor,3024,4032,1350375,JPEG,d93cb6d2c84c5c78,930,near,train
C:\workstation\3RD YEAR\citrus_fruit\Citrus-Diseases\leaf_minnor\leaf_minor_316.jpg,leaf_minnor,3024,4032,1303710,JPEG,dc36b3d0c84e1c79,931,none,test
C:\workstation\3RD YEAR\citrus_fruit\Citrus-Diseases\leaf_minnor\leaf_minor_317.jpg,leaf_minnor,3024,4032,1304401,JPEG,ce16b3d8c84e0e79,932,none,train
C:\workstation\3RD YEAR\citrus_fruit\Citrus-Diseases\leaf_minnor\leaf_minor_318.jpg,leaf_minnor,3024,4032,1309348,JPEG,ce36b3d8c04e0e79,932,near,train
C:\workstation\3RD YEAR\citrus_fruit\Citrus-Diseases\leaf_minnor\leaf_minor_319.jpg,leaf_minnor,3024,4032,1268555,JPEG,de16b3c0c84e0e7d,932,near,train
C:\workstation\3RD YEAR\citrus_fruit\Citrus-Diseases\leaf_minnor\leaf_minor_320.jpg,leaf_minnor,3024,4032,1317942,JPEG,de36b2d18a4c0c7d,933,none,val
C:\workstation\3RD YEAR\citrus_fruit\Citrus-Diseases\leaf_minnor\leaf_minor_321.jpg,leaf_minnor,3024,4032,1301383,JPEG,de26b2d18a4c0e7d,933,near,val
C:\workstation\3RD YEAR\citrus_fruit\Citrus-Diseases\leaf_minnor\leaf_minor_322.jpg,leaf_minnor,3024,4032,1242630,JPEG,dc3cb3d1839c0c7c,934,none,train
C:\workstation\3RD YEAR\citrus_fruit\Citrus-Diseases\leaf_minnor\leaf_minor_323.jpg,leaf_minnor,3024,4032,1239617,JPEG,dc3ca6d3938c0c7c,935,none,train
C:\workstation\3RD YEAR\citrus_fruit\Citrus-Diseases\leaf_minnor\leaf_minor_324.jpg,leaf_minnor,3024,4032,1211740,JPEG,db3d24c3929d0c7c,936,none,train
C:\workstation\3RD YEAR\citrus_fruit\Citrus-Diseases\leaf_minnor\leaf_minor_325.jpg,leaf_minnor,3024,4032,1320178,JPEG,dc2c26d3939d0c7c,935,near,train
C:\workstation\3RD YEAR\citrus_fruit\Citrus-Diseases\leaf_minnor\leaf_minor_326.jpg,leaf_minnor,3024,4032,1251944,JPEG,dc3c26d39d5c0c69,937,none,train
C:\workstation\3RD YEAR\citrus_fruit\Citrus-Diseases\leaf_minnor\leaf_minor_327.jpg,leaf_minnor,3024,4032,1078756,JPEG,dc3c26939d9d0c69,937,near,train
C:\workstation\3RD YEAR\citrus_fruit\Citrus-Diseases\leaf_minnor\leaf_minor_328.jpg,leaf_minnor,3024,4032,1232212,JPEG,dc2c2693959e8c6d,938,none,train
C:\workstation\3RD YEAR\citrus_fruit\Citrus-Diseases\leaf_minnor\leaf_minor_329.jpg,leaf_minnor,3024,4032,1244894,JPEG,d83c2486979d9d69,939,none,test
C:\workstation\3RD YEAR\citrus_fruit\Citrus-Diseases\leaf_minnor\leaf_minor_330.jpg,leaf_minnor,3024,4032,1295473,JPEG,dd3ca6d3878c0c69,940,none,val
C:\workstation\3RD YEAR\citrus_fruit\Citrus-Diseases\leaf_minnor\leaf_minor_331.jpg,leaf_minnor,3024,4032,1288340,JPEG,dd3ca6c3878c0c6d,940,near,val
C:\workstation\3RD YEAR\citrus_fruit\Citrus-Diseases\leaf_minnor\leaf_minor_332.jpg,leaf_minnor,3024,4032,1336788,JPEG,de26b2d18a0e0e7d,933,near,val
C:\workstation\3RD YEAR\citrus_fruit\Citrus-Diseases\leaf_minnor\leaf_minor_333.jpg,leaf_minnor,3024,4032,1318157,JPEG,de06b2d1c84e267d,941,none,train
C:\workstation\3RD YEAR\citrus_fruit\Citrus-Diseases\leaf_minnor\leaf_minor_334.jpg,leaf_minnor,3024,4032,1354203,JPEG,ce16b3d8c0467774,942,none,train
C:\workstation\3RD YEAR\citrus_fruit\Citrus-Diseases\leaf_minnor\leaf_minor_335.jpg,leaf_minnor,3024,4032,1324731,JPEG,ca06b3d9c86e7570,943,none,train
C:\workstation\3RD YEAR\citrus_fruit\Citrus-Diseases\leaf_minnor\leaf_minor_336.jpg,leaf_minnor,3024,4032,1342102,JPEG,ce16b3c8c82e7578,944,none,train
C:\workstation\3RD YEAR\citrus_fruit\Citrus-Diseases\leaf_minnor\leaf_minor_337.jpg,leaf_minnor,3024,4032,1350077,JPEG,ca06b7d9c96e5470,943,near,train
C:\workstation\3RD YEAR\citrus_fruit\Citrus-Diseases\leaf_minnor\leaf_minor_338.jpg,leaf_minnor,3024,4032,1326294,JPEG,ca06b3d8c94e5778,945,none,test
C:\workstation\3RD YEAR\citrus_fruit\Citrus-Diseases\leaf_minnor\leaf_minor_339.jpg,leaf_minnor,3024,4032,1318456,JPEG,ca06b3d8c94e5774,945,near,test
C:\workstation\3RD YEAR\citrus_fruit\Citrus-Diseases\leaf_minnor\leaf_minor_340.jpg,leaf_minnor,3024,4032,1295594,JPEG,ce07b1d8c946477c,946,none,train
C:\workstation\3RD YEAR\citrus_fruit\Citrus-Diseases\leaf_minnor\leaf_minor_341.jpg,leaf_minnor,3024,4032,1294192,JPEG,cb03b1dcc547437c,947,none,train
C:\workstation\3RD YEAR\citrus_fruit\Citrus-Diseases\leaf_minnor\leaf_minor_342.jpg,leaf_minnor,3024,4032,1330550,JPEG,ce07b2d8c14e5774,948,none,train
C:\workstation\3RD YEAR\citrus_fruit\Citrus-Diseases\leaf_minnor\leaf_minor_343.jpg,leaf_minnor,3024,4032,1227617,JPEG,ce06b3d8ca4e7670,949,none,train
C:\workstation\3RD YEAR\citrus_fruit\Citrus-Diseases\leaf_minnor\leaf_minor_344.jpg,leaf_minnor,3024,4032,1236109,JPEG,de16b2d8c24c7671,950,none,test
C:\workstation\3RD YEAR\citrus_fruit\Citrus-Diseases\leaf_minnor\leaf_minor_346.jpg,leaf_minnor,3024,4032,1253557,JPEG,de2eb2d182cc0e7c,951,none,val
C:\workstation\3RD YEAR\citrus_fruit\Citrus-Diseases\leaf_minnor\leaf_minor_347.jpg,leaf_minnor,3024,4032,1265990,JPEG,ce27b1d882ce0f74,952,none,test
C:\workstation\3RD YEAR\citrus_fruit\Citrus-Diseases\leaf_minnor\leaf_minor_348.jpg,leaf_minnor,3024,4032,1280720,JPEG,ce27b3d192868676,953,none,test
C:\workstation\3RD YEAR\citrus_fruit\Citrus-Diseases\leaf_minnor\leaf_minor_349.jpg,leaf_minnor,4284,5712,1318254,JPEG,ce27b3d9848687b4,954,none,train
C:\workstation\3RD YEAR\citrus_fruit\Citrus-Diseases\leaf_minnor\leaf_minor_350.jpg,leaf_minnor,4284,5712,1339874,JPEG,ce2fb398b48483b6,955,none,train
C:\workstation\3RD YEAR\citrus_fruit\Citrus-Diseases\leaf_minnor\leaf_minor_351.jpg,leaf_minnor,3024,4032,1141488,JPEG,dc2e2293b58f86b4,956,none,test
C:\workstation\3RD YEAR\citrus_fruit\Citrus-Diseases\leaf_minnor\leaf_minor_352.jpg,leaf_minnor,3024,4032,1159087,JPEG,dc2c26b3838f8cbc,957,none,train
C:\workstation\3RD YEAR\citrus_fruit\Citrus-Diseases\leaf_minnor\leaf_minor_353.jpg,leaf_minnor,3024,4032,1159854,JPEG,dc2c2673b1998fa4,958,none,val
C:\workstation\3RD YEAR\citrus_fruit\Citrus-Diseases\leaf_minnor\leaf_minor_354.jpg,leaf_minnor,3024,4032,1142395,JPEG,cc6e2638b19987ad,959,none,test
C:\workstation\3RD YEAR\citrus_fruit\Citrus-Diseases\leaf_minnor\leaf_minor_355.jpg,leaf_minnor,3024,4032,1338009,JPEG,dc4c267373d10b95,960,none,train
C:\workstation\3RD YEAR\citrus_fruit\Citrus-Diseases\leaf_minnor\leaf_minor_356.jpg,leaf_minnor,4284,5712,1297462,JPEG,9186644bfbe27874,961,none,train
C:\workstation\3RD YEAR\citrus_fruit\Citrus-Diseases\leaf_minnor\leaf_minor_357.jpg,leaf_minnor,4284,5712,1308490,JPEG,9384644bfae278bc,962,none,train
C:\workstation\3RD YEAR\citrus_fruit\Citrus-Diseases\leaf_minnor\leaf_minor_358.jpg,leaf_minnor,3024,4032,1079182,JPEG,9384444bf3e37a74,963,none,val
C:\workstation\3RD YEAR\citrus_fruit\Citrus-Diseases\leaf_minnor\leaf_minor_359.jpg,leaf_minnor,3024,4032,1119808,JPEG,9386644b73e37a70,963,near,val
C:\workstation\3RD YEAR\citrus_fruit\Citrus-Diseases\leaf_minnor\leaf_minor_360.jpg,leaf_minnor,3024,4032,1172477,JPEG,8982664b7be37878,964,none,train
C:\workstation\3RD YEAR\citrus_fruit\Citrus-Diseases\leaf_minnor\leaf_minor_361.jpg,leaf_minnor,3024,4032,1155119,JPEG,8981664979f37a78,965,none,test
C:\workstation\3RD YEAR\citrus_fruit\Citrus-Diseases\leaf_minnor\leaf_minor_362.jpg,leaf_minnor,3024,4032,1129911,JPEG,8182664bfbf27878,964,near,train
C:\workstation\3RD YEAR\citrus_fruit\Citrus-Diseases\leaf_minnor\leaf_minor_363.jpg,leaf_minnor,3024,4032,1129708,JPEG,89836649f9f27878,965,near,test
C:\workstation\3RD YEAR\citrus_fruit\Citrus-Diseases\leaf_minnor\leaf_minor_364.jpg,leaf_minnor,3024,4032,1103392,JPEG,8987664cf9f1f070,966,none,train
C:\workstation\3RD YEAR\citrus_fruit\Citrus-Diseases\leaf_minnor\leaf_minor_365.jpg,leaf_minnor,3024,4032,1149318,JPEG,8b876649f1f37070,967,none,test
C:\workstation\3RD YEAR\citrus_fruit\Citrus-Diseases\leaf_minnor\leaf_minor_366.jpg,leaf_minnor,3024,4032,1173461,JPEG,8983674cf8f17a70,968,none,test
C:\workstation\3RD YEAR\citrus_fruit\Citrus-Diseases\leaf_minnor\leaf_minor_367.jpg,leaf_minnor,3024,4032,1126844,JPEG,89b1634cf8f17a70,968,near,test
C:\workstation\3RD YEAR\citrus_fruit\Citrus-Diseases\leaf_minnor\leaf_minor_368.jpg,leaf_minnor,3024,4032,1129390,JPEG,8991636cf8f17a38,969,none,train
C:\workstation\3RD YEAR\citrus_fruit\Citrus-Diseases\leaf_minnor\leaf_minor_370.jpg,leaf_minnor,3024,4032,1169149,JPEG,818266697bb37a78,970,none,train
C:\workstation\3RD YEAR\citrus_fruit\Citrus-Diseases\leaf_minnor\leaf_minor_371.jpg,leaf_minnor,3024,4032,1176038,JPEG,9182664b7ba36b78,971,none,val
C:\workstation\3RD YEAR\citrus_fruit\Citrus-Diseases\leaf_minnor\leaf_minor_372.jpg,leaf_minnor,3024,4032,1203781,JPEG,938664433ba74d5e,972,none,val
C:\workstation\3RD YEAR\citrus_fruit\Citrus-Diseases\leaf_minnor\leaf_minor_373.jpg,leaf_minnor,3024,4032,1195860,JPEG,93866d433aa74d56,972,near,val
C:\workstation\3RD YEAR\citrus_fruit\Citrus-Diseases\leaf_minnor\leaf_minor_374.jpg,leaf_minnor,3024,4032,1182520,JPEG,91d6566d1fa74443,973,none,train
C:\workstation\3RD YEAR\citrus_fruit\Citrus-Diseases\leaf_minnor\leaf_minor_375.jpg,leaf_minnor,3024,4032,1170654,JPEG,99df566d1f870403,974,none,val
C:\workstation\3RD YEAR\citrus_fruit\Citrus-Diseases\leaf_minnor\leaf_minor_376.jpg,leaf_minnor,3024,4032,1195329,JPEG,93dd546d1fa70603,975,none,train
C:\workstation\3RD YEAR\citrus_fruit\Citrus-Diseases\leaf_minnor\leaf_minor_377.jpg,leaf_minnor,3024,4032,1173495,JPEG,d3de546933a74243,976,none,train
C:\workstation\3RD YEAR\citrus_fruit\Citrus-Diseases\leaf_minnor\leaf_minor_378.jpg,leaf_minnor,3024,4032,1223197,JPEG,d3d6567933a74043,976,near,train
C:\workstation\3RD YEAR\citrus_fruit\Citrus-Diseases\leaf_minnor\leaf_minor_379.jpg,leaf_minnor,3024,4032,1172575,JPEG,99d276793da61e02,977,none,train
C:\workstation\3RD YEAR\citrus_fruit\Citrus-Diseases\leaf_minnor\leaf_minor_380.jpg,leaf_minnor,3024,4032,1175910,JPEG,99d276693da41c1e,978,none,val
C:\workstation\3RD YEAR\citrus_fruit\Citrus-Diseases\leaf_minnor\leaf_minor_381.jpg,leaf_minnor,3024,4032,1134571,JPEG,91d3766939a52c1e,979,none,train
C:\workstation\3RD YEAR\citrus_fruit\Citrus-Diseases\leaf_minnor\leaf_minor_382.jpg,leaf_minnor,3024,4032,1155697,JPEG,9196746939ac5d1e,980,none,train
C:\workstation\3RD YEAR\citrus_fruit\Citrus-Diseases\leaf_minnor\leaf_minor_383.jpg,leaf_minnor,3024,4032,1249674,JPEG,9992726d3ca23e1e,981,none,train
C:\workstation\3RD YEAR\citrus_fruit\Citrus-Diseases\leaf_minnor\leaf_minor_384.jpg,leaf_minnor,3024,4032,1187064,JPEG,8c92236c7e1b3f1a,982,none,val
C:\workstation\3RD YEAR\citrus_fruit\Citrus-Diseases\leaf_minnor\leaf_minor_385.jpg,leaf_minnor,3024,4032,1134434,JPEG,8880636c7e3f7e38,983,none,train
C:\workstation\3RD YEAR\citrus_fruit\Citrus-Diseases\leaf_minnor\leaf_minor_386.jpg,leaf_minnor,3024,4032,1167974,JPEG,8980666c7cff7838,984,none,train
C:\workstation\3RD YEAR\citrus_fruit\Citrus-Diseases\leaf_minnor\leaf_minor_387.jpg,leaf_minnor,3024,4032,1192224,JPEG,8991666cfcf07a38,969,near,train
C:\workstation\3RD YEAR\citrus_fruit\Citrus-Diseases\leaf_minnor\leaf_minor_388.jpg,leaf_minnor,3024,4032,1152799,JPEG,89a76649f8e27a70,985,none,train
C:\workstation\3RD YEAR\citrus_fruit\Citrus-Diseases\leaf_minnor\leaf_minor_389.jpg,leaf_minnor,3024,4032,1032317,JPEG,938c0d1f34ce74f8,986,none,test
C:\workstation\3RD YEAR\citrus_fruit\Citrus-Diseases\leaf_minnor\leaf_minor_390.jpg,leaf_minnor,3024,4032,1042648,JPEG,9b87240f1c8f5d78,987,none,test
C:\workstation\3RD YEAR\citrus_fruit\Citrus-Diseases\leaf_minnor\leaf_minor_391.jpg,leaf_minnor,3024,4032,1040074,JPEG,9987260f28c77a79,988,none,train
C:\workstation\3RD YEAR\citrus_fruit\Citrus-Diseases\leaf_minnor\leaf_minor_393.jpg,leaf_minnor,3024,4032,1100067,JPEG,8b83260f09a7cf7a,989,none,train
C:\workstation\3RD YEAR\citrus_fruit\Citrus-Diseases\leaf_minnor\leaf_minor_394.jpg,leaf_minnor,4284,5712,1364853,JPEG,88e31bc89ef07666,990,none,train
C:\workstation\3RD YEAR\citrus_fruit\Citrus-Diseases\leaf_minnor\leaf_minor_395.jpg,leaf_minnor,4284,5712,1349488,JPEG,88e30bd88ef27666,990,near,train
C:\workstation\3RD YEAR\citrus_fruit\Citrus-Diseases\leaf_minnor\leaf_minor_396.jpg,leaf_minnor,3024,4032,1223864,JPEG,88e303d88ff27762,991,none,train
C:\workstation\3RD YEAR\citrus_fruit\Citrus-Diseases\leaf_minnor\leaf_minor_397.jpg,leaf_minnor,3024,4032,1220383,JPEG,88e303d88ff25763,991,near,train
C:\workstation\3RD YEAR\citrus_fruit\Citrus-Diseases\leaf_minnor\leaf_minor_398.jpg,leaf_minnor,3024,4032,1208975,JPEG,8ce101cc8ff85773,992,none,test
C:\workstation\3RD YEAR\citrus_fruit\Citrus-Diseases\leaf_minnor\leaf_minor_400.jpg,leaf_minnor,3024,4032,1211135,JPEG,88e303d88fb95763,993,none,train
C:\workstation\3RD YEAR\citrus_fruit\Citrus-Diseases\leaf_minnor\leaf_minor_401.jpg,leaf_minnor,3024,4032,1207068,JPEG,88e103d88fb95f63,993,near,train
C:\workstation\3RD YEAR\citrus_fruit\Citrus-Diseases\leaf_minnor\leaf_minor_402.jpg,leaf_minnor,3024,4032,1204066,JPEG,8ce101d88ff85f63,992,near,test
C:\workstation\3RD YEAR\citrus_fruit\Citrus-Diseases\leaf_minnor\leaf_minor_403.jpg,leaf_minnor,3024,4032,1204981,JPEG,88e303d88fba5f62,991,near,train
C:\workstation\3RD YEAR\citrus_fruit\Citrus-Diseases\leaf_minnor\leaf_minor_404.jpg,leaf_minnor,3024,4032,1240477,JPEG,88e307d88ff25e62,991,near,train
C:\workstation\3RD YEAR\citrus_fruit\Citrus-Diseases\leaf_minnor\leaf_minor_405.jpg,leaf_minnor,3024,4032,1226229,JPEG,88e307d98ef27662,991,near,train
C:\workstation\3RD YEAR\citrus_fruit\Citrus-Diseases\leaf_minnor\leaf_minor_406.jpg,leaf_minnor,3024,4032,1202091,JPEG,88e70fd99ed07446,994,none,train
C:\workstation\3RD YEAR\citrus_fruit\Citrus-Diseases\leaf_minnor\leaf_minor_407.jpg,leaf_minnor,3024,4032,1204290,JPEG,88ef0f999ed07446,994,near,train
C:\workstation\3RD YEAR\citrus_fruit\Citrus-Diseases\leaf_minnor\leaf_minor_408.jpg,leaf_minnor,3024,4032,1222596,JPEG,88ef1f998ed07446,994,near,train
C:\workstation\3RD YEAR\citrus_fruit\Citrus-Diseases\leaf_minnor\leaf_minor_409.jpg,leaf_minnor,3024,4032,1196486,JPEG,88eb1b999ed17446,995,none,val
C:\workstation\3RD YEAR\citrus_fruit\Citrus-Diseases\leaf_minnor\leaf_minor_411.jpg,leaf_minnor,3024,4032,1221021,JPEG,8aea1b9b9ed07446,995,near,val
C:\workstation\3RD YEAR\citrus_fruit\Citrus-Diseases\leaf_minnor\leaf_minor_412.jpg,leaf_minnor,3024,4032,1202760,JPEG,8aea1b9b9c907467,996,none,train
C:\workstation\3RD YEAR\citrus_fruit\Citrus-Diseases\leaf_minnor\leaf_minor_413.jpg,leaf_minnor,3024,4032,1228351,JPEG,8eea1b9b9c807467,996,near,train
C:\workstation\3RD YEAR\citrus_fruit\Citrus-Diseases\leaf_minnor\leaf_minor_414.jpg,leaf_minnor,3024,4032,1204390,JPEG,8eca3b9b9c80706f,997,none,train
C:\workstation\3RD YEAR\citrus_fruit\Citrus-Diseases\leaf_minnor\leaf_minor_415.jpg,leaf_minnor,3024,4032,1192090,JPEG,8eca3a9b9c82607f,997,near,train
C:\workstation\3RD YEAR\citrus_fruit\Citrus-Diseases\leaf_minnor\leaf_minor_416.jpg,leaf_minnor,3024,4032,1224846,JPEG,8ec23a9bbc81607f,998,none,train
C:\workstation\3RD YEAR\citrus_fruit\Citrus-Diseases\leaf_minnor\leaf_minor_417.jpg,leaf_minnor,3024,4032,1216415,JPEG,8ec23adebc80607f,998,near,train
C:\workstation\3RD YEAR\citrus_fruit\Citrus-Diseases\leaf_minnor\leaf_minor_418.jpg,leaf_minnor,3024,4032,1222348,JPEG,8ec23a9e3c81617f,998,near,train
C:\workstation\3RD YEAR\citrus_fruit\Citrus-Diseases\leaf_minnor\leaf_minor_419.jpg,leaf_minnor,3024,4032,1214371,JPEG,8ec232d63c83617f,999,none,test
C:\workstation\3RD YEAR\citrus_fruit\Citrus-Diseases\leaf_minnor\leaf_minor_420.jpg,leaf_minnor,4284,5712,1357241,JPEG,8cda131c786beb4a,1000,none,val
C:\workstation\3RD YEAR\citrus_fruit\Citrus-Diseases\leaf_minnor\leaf_minor_422.jpg,leaf_minnor,3024,4032,1241944,JPEG,8cda131c786ba9ea,1000,near,val
C:\workstation\3RD YEAR\citrus_fruit\Citrus-Diseases\leaf_minnor\leaf_minor_423.jpg,leaf_minnor,3024,4032,1252823,JPEG,8cda131c7c6ba9e8,1001,none,train
C:\workstation\3RD YEAR\citrus_fruit\Citrus-Diseases\leaf_minnor\leaf_minor_424.jpg,leaf_minnor,3024,4032,1266885,JPEG,8ccb131c7c63ade8,1001,near,train
C:\workstation\3RD YEAR\citrus_fruit\Citrus-Diseases\leaf_minnor\leaf_minor_425.jpg,leaf_minnor,3024,4032,1229674,JPEG,8cca131c7c67ad69,1002,none,train
C:\workstation\3RD YEAR\citrus_fruit\Citrus-Diseases\leaf_minnor\leaf_minor_426.jpg,leaf_minnor,3024,4032,1211810,JPEG,8ccb531c5c6725e9,1003,none,train
C:\workstation\3RD YEAR\citrus_fruit\Citrus-Diseases\leaf_minnor\leaf_minor_427.jpg,leaf_minnor,3024,4032,1212114,JPEG,88cb431d7c6725e9,1003,near,train
C:\workstation\3RD YEAR\citrus_fruit\Citrus-Diseases\leaf_minnor\leaf_minor_428.jpg,leaf_minnor,3024,4032,1223367,JPEG,8ccb43197c6725e9,1003,near,train
C:\workstation\3RD YEAR\citrus_fruit\Citrus-Diseases\leaf_minnor\leaf_minor_429.jpg,leaf_minnor,3024,4032,1202331,JPEG,88cb431b7c6725e9,1004,none,train
C:\workstation\3RD YEAR\citrus_fruit\Citrus-Diseases\leaf_minnor\leaf_minor_430.jpg,leaf_minnor,3024,4032,1212709,JPEG,89cb43197c6725e9,1004,near,train
C:\workstation\3RD YEAR\citrus_fruit\Citrus-Diseases\leaf_minnor\leaf_minor_431.jpg,leaf_minnor,3024,4032,1231345,JPEG,88ca531d7c6725e9,1003,near,train
C:\workstation\3RD YEAR\citrus_fruit\Citrus-Diseases\leaf_minnor\leaf_minor_432.jpg,leaf_minnor,3024,4032,1232727,JPEG,88ca171d78672de9,1005,none,train
C:\workstation\3RD YEAR\citrus_fruit\Citrus-Diseases\leaf_minnor\leaf_minor_433.jpg,leaf_minnor,3024,4032,1270618,JPEG,8cda531c586f2de8,1006,none,train
C:\workstation\3RD YEAR\citrus_fruit\Citrus-Diseases\leaf_minnor\leaf_minor_434.jpg,leaf_minnor,3024,4032,1214461,JPEG,8cda171c506fabca,1007,none,val
C:\workstation\3RD YEAR\citrus_fruit\Citrus-Diseases\leaf_minnor\leaf_minor_435.jpg,leaf_minnor,3024,4032,1224993,JPEG,89dc5f3d406eea42,1008,none,test
C:\workstation\3RD YEAR\citrus_fruit\Citrus-Diseases\leaf_minnor\leaf_minor_436.jpg,leaf_minnor,3024,4032,1240488,JPEG,88dc5f7d406eea42,1008,near,test
C:\workstation\3RD YEAR\citrus_fruit\Citrus-Diseases\leaf_minnor\leaf_minor_437.jpg,leaf_minnor,3024,4032,1238597,JPEG,88dc5f7d406aeac2,1008,near,test
C:\workstation\3RD YEAR\citrus_fruit\Citrus-Diseases\leaf_minnor\leaf_minor_438.jpg,leaf_minnor,3024,4032,1235337,JPEG,88dd5f7d406a6ac2,1009,none,train
C:\workstation\3RD YEAR\citrus_fruit\Citrus-Diseases\leaf_minnor\leaf_minor_439.jpg,leaf_minnor,3024,4032,1237164,JPEG,8cdd177d406a6ac6,1009,near,train
C:\workstation\3RD YEAR\citrus_fruit\Citrus-Diseases\leaf_minnor\leaf_minor_440.jpg,leaf_minnor,3024,4032,1208753,JPEG,8cdd197d416a6ac6,1010,none,train
C:\workstation\3RD YEAR\citrus_fruit\Citrus-Diseases\leaf_minnor\leaf_minor_441.jpg,leaf_minnor,3024,4032,1223424,JPEG,84dd117d436a6ac7,1010,near,train
C:\workstation\3RD YEAR\citrus_fruit\Citrus-Diseases\leaf_minnor\leaf_minor_442.jpg,leaf_minnor,3024,4032,1196273,JPEG,84dd117d436a62d7,1011,none,train
C:\workstation\3RD YEAR\citrus_fruit\Citrus-Diseases\leaf_minnor\leaf_minor_443.jpg,leaf_minnor,3024,4032,1191237,JPEG,84dd117d4f4a42d7,1011,near,train
C:\workstation\3RD YEAR\citrus_fruit\Citrus-Diseases\leaf_minnor\leaf_minor_445.jpg,leaf_minnor,3024,4032,1191140,JPEG,84dd107f4f4a42d7,1012,none,train
C:\workstation\3RD YEAR\citrus_fruit\Citrus-Diseases\leaf_minnor\leaf_minor_446.jpg,leaf_minnor,3024,4032,1205943,JPEG,84dd117e4f4a42d7,1012,near,train
C:\workstation\3RD YEAR\citrus_fruit\Citrus-Diseases\leaf_minnor\leaf_minor_447.jpg,leaf_minnor,3024,4032,1215897,JPEG,84df107e4f4a42d7,1012,near,train
C:\workstation\3RD YEAR\citrus_fruit\Citrus-Diseases\leaf_minnor\leaf_minor_448.jpg,leaf_minnor,3024,4032,1236109,JPEG,84df117a4f4a42d7,1012,near,train
C:\workstation\3RD YEAR\citrus_fruit\Citrus-Diseases\leaf_minnor\leaf_minor_449.jpg,leaf_minnor,3024,4032,1211293,JPEG,84df11784f4a42df,1013,none,val
C:\workstation\3RD YEAR\citrus_fruit\Citrus-Diseases\leaf_minnor\leaf_minor_451.jpg,leaf_minnor,3024,4032,1239115,JPEG,84dd107f4f4862d7,1012,near,train
C:\workstation\3RD YEAR\citrus_fruit\Citrus-Diseases\leaf_minnor\leaf_minor_452.jpg,leaf_minnor,3024,4032,1252882,JPEG,84dd187d43686ad7,1011,near,train
C:\workstation\3RD YEAR\citrus_fruit\Citrus-Diseases\leaf_minnor\leaf_minor_453.jpg,leaf_minnor,3024,4032,1253352,JPEG,88d85f7d406f2bc2,1014,none,val
C:\workstation\3RD YEAR\citrus_fruit\Citrus-Diseases\leaf_minnor\leaf_minor_454.jpg,leaf_minnor,3024,4032,1250568,JPEG,8eda5f5c406f29c8,1015,none,train
C:\workstation\3RD YEAR\citrus_fruit\Citrus-Diseases\leaf_minnor\leaf_minor_455.jpg,leaf_minnor,3024,4032,1240668,JPEG,8cca135c7c6f29e8,1001,near,train
C:\workstation\3RD YEAR\citrus_fruit\Citrus-Diseases\leaf_minnor\leaf_minor_456.jpg,leaf_minnor,3024,4032,1204260,JPEG,8cca135c7c67a1e9,1002,near,train
C:\workstation\3RD YEAR\citrus_fruit\Citrus-Diseases\leaf_minnor\leaf_minor_457.jpg,leaf_minnor,3024,4032,1179542,JPEG,8cca435c5c67a5e9,1003,near,train
C:\workstation\3RD YEAR\citrus_fruit\Citrus-Diseases\leaf_minnor\leaf_minor_458.jpg,leaf_minnor,4284,5712,1284508,JPEG,8cca435c5c6f25e9,1003,near,train
C:\workstation\3RD YEAR\citrus_fruit\Citrus-Diseases\leaf_minnor\leaf_minor_459.jpg,leaf_minnor,4284,5712,1317070,JPEG,84de1c7745486e6b,1016,none,test
